fuente,tipo_inmueble,subtipo,direccion_texto,barrio_zona,municipio,precio_eur,garaje_incluido,habitaciones,superficie_m2,planta,exterior,ascensor,finca
Inmobiliaria E-Castro,piso,apartamento,"Avenida Riomar, 1",Cotolino,Castro-Urdiales,498000.0,1.0,4.0,121.0,4.0,1.0,1.0,0
Inmobiliarias.com,casa,casa independiente,"Barrio Brazomar, 46",Cotolino,Castro-Urdiales,575000.0,1.0,5.0,232.0,0.0,,,0
Inmobiliaria E-Castro,piso,apartamento,"Calle Leonardo Rucabado, 6",Centro,Castro-Urdiales,299000.0,,2.0,84.0,3.0,1.0,1.0,0
Inmobiliaria E-Castro,piso,apartamento,"Calle de la Ronda, 32",Centro,Castro-Urdiales,340000.0,,4.0,99.0,5.0,1.0,1.0,0
Inmobiliaria E-Castro,casa,casa independiente,Barrio Sámano,Sámano,Castro-Urdiales,799000.0,1.0,5.0,511.0,0.0,,,0
Inmobiliarias.com,piso,ático,Calle de Angel Perez Hornoas Cholo,Brazomar,Castro-Urdiales,360000.0,1.0,3.0,130.0,6.0,1.0,1.0,0
Inmobiliarias.com,piso,ático,Calle de la Granja,Cotolino,Castro-Urdiales,405000.0,1.0,2.0,90.0,4.0,1.0,1.0,0
Inmobiliarias.com,piso,apartamento,Calle Ataúlfo Argenta,Cotolino,Castro-Urdiales,415000.0,1.0,3.0,110.0,2.0,1.0,1.0,0
Inmobiliarias.com,casa,casa independiente,Barrio Montealegre,Sámano,Castro-Urdiales,455000.0,,5.0,266.0,0.0,,,0
Inmobiliaria E-Castro,piso,apartamento,Isaac Castillo,Mioño-Santullán,Castro-Urdiales,180000.0,,4.0,105.0,1.0,1.0,0.0,0
Exclusivas Inmobiliarias Mikeli,dúplex,,Calle Doctor Marañón,El Sardinero,Santander,2890000.0,1.0,4.0,310.0,2.0,1.0,1.0,0
Exclusivas Inmobiliarias Mikeli,piso,apartamento,Avenida Manuel García Lago,El Sardinero,Santander,3150000.0,1.0,5.0,241.0,4.0,1.0,1.0,0
Inmobiliaria E-Castro,piso,apartamento,Calle Leonardo Rucabado,Centro,Castro-Urdiales,220000.0,,2.0,64.0,6.0,1.0,1.0,0
Inmobiliarias.com,casa,casa independiente,Barrio Cerdigo,Oriñón-Allendagua,Castro-Urdiales,370000.0,1.0,4.0,227.0,0.0,,,0
Exclusivas Inmobiliarias Mikeli,piso,apartamento,Avenida Maura,El Sardinero,Santander,520000.0,1.0,2.0,105.0,1.0,1.0,1.0,0
Exclusivas Inmobiliarias Mikeli,piso,apartamento,Avenida de Cantabria,Valdenoja,Santander,798000.0,1.0,3.0,178.0,3.0,1.0,1.0,0
Inmobiliarias.com,casa,casa adosada,Calle del Alto de la Cruz,Cotolino,Castro-Urdiales,450000.0,1.0,4.0,250.0,0.0,,,0
Exclusivas Inmobiliarias Mikeli,piso,apartamento,Paseo de Pereda,Puerto Chico,Santander,1800000.0,,5.0,292.0,4.0,1.0,0.0,0
Exclusivas Inmobiliarias Mikeli,casa,casa independiente,Barrio la Arnía,Liencres,Piélagos,875000.0,1.0,6.0,308.0,0.0,,,0
Engel & Völkers Santander,piso,apartamento,Avenida de Pontejos,El Sardinero,Santander,885000.0,1.0,4.0,189.0,8.0,1.0,1.0,0
Inmobiliaria E-Castro,casa,casa independiente,"Barrio Brazomar, 46",Cotolino,Castro-Urdiales,575000.0,,5.0,232.0,0.0,,,0
altamira21.com,piso,apartamento,Calle Juan de Herrera,Centro - Ayuntamiento,Santander,598000.0,,4.0,107.0,4.0,1.0,1.0,0
Inmobiliarias.com,piso,apartamento,"Calle Belén, 3",Centro,Castro-Urdiales,430000.0,,2.0,84.0,2.0,1.0,1.0,0
Inmobiliaria E-Castro,piso,apartamento,"Calle Leonardo Rucabado, 50",Brazomar,Castro-Urdiales,270000.0,1.0,2.0,64.0,2.0,1.0,1.0,0
Inmobiliaria E-Castro,casa,casa independiente,"Barrio Sámano, 40",Sámano,Castro-Urdiales,360000.0,,3.0,221.0,0.0,,,0
Inmobiliaria E-Castro,casa,casa adosada,Calle Aureliano Linares Rivas,Centro,Castro-Urdiales,740000.0,1.0,6.0,400.0,0.0,,,0
Inmobiliaria E-Castro,casa,casa adosada,"Calle Aureliano Linares Rivas, 17",Centro,Castro-Urdiales,650000.0,,5.0,350.0,0.0,,,0
Inmobiliaria E-Castro,casa,casa independiente,"Calle Paco Labiano, 5",Playa Ostende,Castro-Urdiales,750000.0,,4.0,372.0,0.0,,,0
Inmobiliarias.com,piso,apartamento,"Avenida Riomar, 1",Cotolino,Castro-Urdiales,498000.0,1.0,4.0,120.0,4.0,1.0,1.0,0
Inmobiliarias.com,casa,casa independiente,Barrio Sámano,Sámano,Castro-Urdiales,370000.0,1.0,4.0,270.0,0.0,,,0
Inmobiliaria E-Castro,casa,casa independiente,Barrio Sámano,Sámano,Castro-Urdiales,540000.0,1.0,5.0,316.0,0.0,,,0
Inmobiliaria E-Castro,casa,casa adosada,Avenida de Chinchapapa,Cotolino,Castro-Urdiales,980000.0,1.0,5.0,448.0,0.0,,,0
Inmobiliarias.com,dúplex,,Calle Teresa de Calcuta,Cotolino,Castro-Urdiales,359900.0,1.0,3.0,135.0,5.0,1.0,1.0,0
Inmobiliaria JC de Laredo,piso,apartamento,Avenida de Francia,Zona Playa,Laredo,209000.0,,2.0,57.0,2.0,1.0,1.0,0
Inmobiliaria JC de Laredo,piso,apartamento,Centro,Centro,Laredo,580000.0,,4.0,240.0,5.0,1.0,1.0,0
Inmobiliaria Mi Villa,piso,apartamento,Calle Padre Ignacio Ellacuría,Centro,Laredo,510000.0,1.0,4.0,130.0,4.0,1.0,1.0,0
Fincas Mafer,piso,apartamento,"Calle Padre Ignacio Ellacuría, 10",Centro,Laredo,408000.0,,5.0,149.0,6.0,1.0,1.0,0
Inmobiliaria JC de Laredo,piso,apartamento,El Puntal,El Puntal,Laredo,138000.0,,1.0,40.0,0.0,1.0,1.0,0
Inmobiliaria JC de Laredo,piso,apartamento,Zona Playa,Zona Playa,Laredo,485000.0,,3.0,140.0,2.0,1.0,1.0,0
Inmobiliaria Mi Villa,piso,apartamento,Plaza Marqués De Albaida,Centro,Laredo,275000.0,,3.0,116.0,2.0,1.0,0.0,0
Trece Home,piso,apartamento,Calle Peredo y Nogales,Tregadín,Noja,269000.0,1.0,2.0,75.0,0.0,,1.0,0
Fincas Mafer,piso,apartamento,"Avenida de Francia, 109",El Puntal,Laredo,550000.0,1.0,4.0,278.0,6.0,1.0,1.0,0
Fincas Mafer,casa,casa adosada,"Avenida de la Libertad, 87",El Puntal,Laredo,395000.0,1.0,4.0,188.0,0.0,,,0
Trece Home,piso,ático,Avenida los Caleros,Ris,Noja,350000.0,1.0,3.0,130.0,4.0,,1.0,0
Inmobiliaria El Botxo,casa,casa independiente,Oriñón-Allendagua,Oriñón-Allendagua,Castro-Urdiales,370000.0,1.0,4.0,270.0,0.0,,,0
donpiso Santander,piso,apartamento,Calle Juan José Pérez del Molino,General Dávila,Santander,385000.0,,3.0,138.0,2.0,1.0,1.0,0
Inmobiliarias.com,casa,casa independiente,"Barrio Mellin Samano, s/n",Sámano,Castro-Urdiales,450000.0,1.0,3.0,182.0,0.0,,,0
Inmobiliarias.com,piso,ático,"Ataulfo Argenta, 5",Cotolino,Castro-Urdiales,330000.0,,1.0,50.0,5.0,1.0,1.0,0
Inmobiliaria E-Castro,piso,apartamento,"Calle República Argentina, 5",Centro,Castro-Urdiales,400000.0,,4.0,154.0,5.0,1.0,1.0,0
Inmobiliarias.com,casa,casa adosada,Cerrillo Sámano,Sámano,Castro-Urdiales,405000.0,1.0,4.0,210.0,0.0,,,0
Inmobiliaria Mi Villa,piso,apartamento,Calle República de Chile,Zona Playa,Laredo,258000.0,,2.0,70.0,3.0,1.0,0.0,0
Inmobiliaria Mi Villa,piso,ático,Calle Doctor Senderos,Carlos V,Laredo,580000.0,1.0,4.0,240.0,5.0,1.0,1.0,0
Inmobiliaria Mi Villa,piso,apartamento,Calle República de Colombia,Zona Playa,Laredo,118500.0,,1.0,35.0,10.0,1.0,1.0,0
Inmobiliaria Mi Villa,piso,apartamento,Calle Marqués de Comillas,Centro,Laredo,420000.0,,3.0,156.0,9.0,1.0,1.0,0
Inmobiliaria Mi Villa,piso,apartamento,Calle República de Costa Rica,Zona Playa,Laredo,230000.0,,2.0,60.0,13.0,1.0,1.0,0
Inmobiliaria Mi Villa,piso,apartamento,Calle República de Guatemala,Zona Playa,Laredo,269000.0,,2.0,80.0,3.0,1.0,1.0,0
Inmobiliaria Uranga,casa,casa adosada,Avenida de la Libertad,Zona Playa,Laredo,385000.0,1.0,4.0,180.0,0.0,,,0
donpiso Santander,piso,apartamento,Calle General Moscardó,Castilla - Hermida,Santander,159000.0,,3.0,68.0,3.0,1.0,1.0,0
Inmobiliaria Eurocasa,piso,apartamento,Calle Tetuán,General Dávila,Santander,335000.0,1.0,3.0,83.0,2.0,1.0,1.0,0
Trece Home,piso,apartamento,Calle los Nogales,Palacio,Noja,249000.0,1.0,2.0,70.0,3.0,1.0,1.0,0
Fincas Mafer,piso,apartamento,"Calle Duque de Ahumada, 9",Centro,Laredo,245000.0,,3.0,103.0,1.0,1.0,0.0,0
MiPiso.com,casa,casa adosada,"Camino Derecha, 27 -13",El Callejo - La Pesquera - La Arenosa,Laredo,225000.0,1.0,3.0,207.0,0.0,,,0
Trece Home,piso,apartamento,Calle los Nogales,Tregadín,Noja,215000.0,1.0,2.0,61.0,2.0,1.0,,0
Fincas Mafer,casa,casa independiente,"Calle San Marcial, 23",Centro,Laredo,158000.0,,3.0,60.0,0.0,,,0
donpiso Santander,piso,apartamento,Calle Isaac Peral,Numancia - San Fernando,Santander,190000.0,,3.0,79.0,1.0,1.0,1.0,0
Inmobiliaria Eurocasa,piso,apartamento,Calle San Celedonio,General Dávila,Santander,340000.0,,2.0,106.0,0.0,1.0,0.0,0
Inmosantander,dúplex,,Av Cantabria,Valdenoja,Santander,695000.0,1.0,4.0,176.0,4.0,1.0,1.0,0
ELITE,piso,apartamento,Calle Ataulfo Argenta Músico,Puerto Chico,Santander,740000.0,,4.0,149.0,5.0,1.0,1.0,0
Inmobiliaria PAS-NuevoPiso,piso,apartamento,Calle Justicia,Cuatro Caminos,Santander,395000.0,1.0,2.0,72.0,3.0,1.0,1.0,0
RK IDEPISOS,piso,apartamento,Calle Francisco de Quevedo,Centro - Ayuntamiento,Santander,440000.0,,3.0,124.0,3.0,1.0,1.0,0
ELITE,casa,casa independiente,El Sardinero,El Sardinero,Santander,1395000.0,,12.0,337.0,0.0,,,0
Inmobiliarias.com,casa,casa adosada,"Montesolmar, 22",Centro,Castro-Urdiales,800000.0,1.0,4.0,350.0,0.0,,,0
Inmobiliarias.com,piso,apartamento,"Calle República Argentina, 9",Centro,Castro-Urdiales,400000.0,,4.0,143.0,5.0,1.0,1.0,0
Inmobiliarias.com,piso,apartamento,Barrio Brazomar,Brazomar,Castro-Urdiales,285000.0,1.0,3.0,85.0,4.0,1.0,1.0,0
Inmonorte,piso,apartamento,Avenida de Francia,El Puntal,Laredo,138000.0,,1.0,40.0,0.0,1.0,1.0,0
Inmobiliaria Salazar,piso,apartamento,Calle Teresa de Calcuta,Cotolino,Castro-Urdiales,163000.0,,1.0,42.0,5.0,1.0,1.0,0
Inmobiliarias.com,piso,apartamento,Islares,Islares,Castro-Urdiales,197000.0,,3.0,115.0,0.0,1.0,1.0,0
Mirapiso,dúplex,,"Calle Ontanilla, 6",Tregadín,Noja,249900.0,1.0,3.0,83.0,2.0,1.0,0.0,0
Inmobiliaria Barrio,piso,apartamento,Calle Calderón de la Barca,Castilla - Hermida,Santander,540000.0,,4.0,155.0,5.0,1.0,1.0,0
Inmobiliarias.com,dúplex,,Residencial los arces,Oriñón-Allendagua,Castro-Urdiales,319000.0,1.0,3.0,120.0,0.0,1.0,0.0,0
Inmonojasol s.l,piso,apartamento,Paseo de Trengandín,Tregadín,Noja,230000.0,1.0,2.0,62.0,1.0,1.0,0.0,0
Distrito inmobiliario,casa,casa independiente,Urbanización la Mina,Arce,Piélagos,890000.0,1.0,6.0,620.0,0.0,,,0
Inmobiliarias.com,casa,casa independiente,Ayuntamientos Democraticos,Cotolino,Castro-Urdiales,850000.0,1.0,5.0,365.0,0.0,,,0
Inmobiliaria E-Castro,piso,apartamento,"Calle Bajada del Chorrillo, 8",Centro,Castro-Urdiales,235000.0,,2.0,91.0,2.0,1.0,1.0,0
Inmobiliaria las Dunas,piso,apartamento,"Calle Marqués de la Hermida, 72",Castilla - Hermida,Santander,250000.0,,3.0,94.0,2.0,1.0,1.0,0
MENA INMOBILIARIA,piso,apartamento,El Parque - Zapatón,El Parque - Zapatón,Torrelavega,160000.0,,3.0,93.0,3.0,1.0,1.0,0
Exclusivas inmobiliarias mikeli,dúplex,,Paseo Menéndez Pelayo,General Dávila,Santander,530000.0,,4.0,162.0,,1.0,0.0,0
Exclusivas inmobiliarias mikeli,casa,casa independiente,Barrio la Soledad,Arce,Piélagos,950000.0,1.0,6.0,274.0,0.0,,,0
Inmobiliaria Barrio,casa,casa independiente,Valdenoja,Valdenoja,Santander,649000.0,1.0,4.0,128.0,0.0,,,0
Inmobiliarias.com,casa,casa adosada,"Onton, s/n",Baltezana-Ontón,Castro-Urdiales,299999.0,,4.0,201.0,0.0,,,0
Inmobiliaria E-Castro,piso,apartamento,"Calle el Sable, 8",Playa Ostende,Castro-Urdiales,400000.0,,2.0,76.0,1.0,1.0,1.0,0
Inmobiliaria Barrio,casa,casa independiente,Alisal - Cazoña - San Román,Alisal - Cazoña - San Román,Santander,890000.0,1.0,4.0,261.0,0.0,,,0
Inmobiliaria E-Castro,piso,apartamento,Paseo Ocharan Mazas,Centro,Castro-Urdiales,425000.0,,1.0,103.0,4.0,1.0,1.0,0
Inmobiliaria E-Castro,piso,apartamento,"Calle el Hoyo, 5",Playa Ostende,Castro-Urdiales,295000.0,1.0,3.0,88.0,1.0,1.0,1.0,0
Inmobiliaria E-Castro,casa,casa independiente,"Calle Aureliano Linares Rivas, 17",Centro,Castro-Urdiales,715000.0,1.0,7.0,550.0,0.0,,,0
Inmobiliarias.com,casa,casa independiente,Carretera mioño,Mioño-Santullán,Castro-Urdiales,360000.0,,3.0,160.0,0.0,,,0
Inmobiliarias.com,dúplex,,Menendez Pelayo,Brazomar,Castro-Urdiales,465000.0,1.0,5.0,180.0,5.0,1.0,1.0,0
Inmobiliarias.com,casa,casa adosada,Barrio de Santullán,Mioño-Santullán,Castro-Urdiales,370000.0,1.0,3.0,203.0,0.0,,,0
Inmobiliaria E-Castro,dúplex,,"Calle San Andrés, 8",Cotolino,Castro-Urdiales,300000.0,1.0,2.0,108.0,1.0,1.0,1.0,0
Inmobiliaria E-Castro,piso,apartamento,Calle Santander,Centro,Castro-Urdiales,260000.0,,3.0,84.0,1.0,1.0,0.0,0
Inmobiliarias.com,casa,casa independiente,Barrio Otañes,Otañes,Castro-Urdiales,330000.0,1.0,4.0,200.0,0.0,,,0
Inmobiliarias.com,piso,ático,Calle de Silvestre Ochoa,Playa Ostende,Castro-Urdiales,299800.0,1.0,2.0,65.0,4.0,1.0,1.0,0
Inmobiliarias.com,casa,casa adosada,Barrio Sámano,Sámano,Castro-Urdiales,415000.0,1.0,4.0,260.0,0.0,,,0
Inmobiliarias.com,piso,apartamento,Calle Venancio Bosco,Centro,Castro-Urdiales,295000.0,1.0,2.0,79.0,1.0,1.0,1.0,0
Inmobiliarias.com,piso,apartamento,"Calle de la Ronda, 3",Centro,Castro-Urdiales,295000.0,,3.0,104.0,1.0,1.0,1.0,0
Inmobiliarias.com,casa,casa adosada,Subida a Cueto,Mioño-Santullán,Castro-Urdiales,360000.0,1.0,4.0,220.0,0.0,,,0
Inmobiliaria E-Castro,casa,casa adosada,"Barrio Otañes, 77",Otañes,Castro-Urdiales,293000.0,1.0,3.0,163.0,0.0,,,0
ACERO Inmobiliaria,casa,casa independiente,Pozo barrio el,Boo,Piélagos,470000.0,1.0,4.0,263.0,0.0,,,0
Inmobiliarias.com,casa,casa independiente,Ca-520,Sámano,Castro-Urdiales,540000.0,1.0,5.0,316.0,0.0,,,0
Inmobiliarias.com,piso,apartamento,Barrio Oriñón,Oriñón-Allendagua,Castro-Urdiales,195000.0,1.0,2.0,70.0,3.0,1.0,1.0,0
Inmobiliaria E-Castro,piso,apartamento,Calle la Rúa,Centro,Castro-Urdiales,160000.0,,4.0,143.0,2.0,1.0,0.0,0
Inmobiliarias.com,dúplex,,Calle San Andrés,Cotolino,Castro-Urdiales,300000.0,1.0,2.0,108.0,1.0,1.0,1.0,0
Inmobiliarias.com,casa,casa adosada,Avenida de Chinchapapa,Cotolino,Castro-Urdiales,980000.0,1.0,5.0,448.0,0.0,,,0
Inmobiliarias.com,piso,apartamento,Calle Ataúlfo Argenta,Cotolino,Castro-Urdiales,240000.0,,2.0,72.0,0.0,1.0,1.0,0
Inmobiliarias.com,dúplex,,Paseo Menéndez Pelayo,Brazomar,Castro-Urdiales,210000.0,,2.0,101.0,2.0,1.0,0.0,0
Inmobiliarias.com,piso,apartamento,Calle Padre Basabe,Playa Ostende,Castro-Urdiales,350000.0,,2.0,87.0,2.0,1.0,1.0,0
Inmobiliarias.com,piso,apartamento,Calle el Hoyo,Playa Ostende,Castro-Urdiales,295000.0,1.0,3.0,90.0,1.0,1.0,1.0,0
Inmobiliarias.com,casa,casa adosada,Calle de Montecerredo,Brazomar,Castro-Urdiales,550000.0,1.0,4.0,260.0,0.0,,,0
Gestion inmobiliaria Victoria,piso,ático,Calle Miguel de Cervantes,Brazomar,Castro-Urdiales,280000.0,1.0,2.0,70.0,4.0,1.0,1.0,0
Inmobiliarias.com,piso,apartamento,Calle Los Caserios,Centro,Castro-Urdiales,250000.0,1.0,1.0,60.0,5.0,1.0,1.0,0
Inmobiliarias.com,piso,ático,Calle Santa Ana,Playa Ostende,Castro-Urdiales,336000.0,1.0,3.0,130.0,3.0,1.0,1.0,0
Inmobiliarias.com,piso,apartamento,Calle Bajada del Chorrillo,Centro,Castro-Urdiales,299000.0,,3.0,90.0,2.0,1.0,1.0,0
Inmobiliarias.com,casa,casa adosada,Barrio Islares,Oriñón-Allendagua,Castro-Urdiales,225000.0,1.0,2.0,130.0,0.0,,,0
Inmobiliarias.com,casa,casa adosada,Barrio Brazomar,Cotolino,Castro-Urdiales,615000.0,1.0,3.0,250.0,0.0,,,0
Inmobiliarias.com,piso,apartamento,Barrio Brazomar,Brazomar,Castro-Urdiales,299000.0,,2.0,65.0,0.0,1.0,1.0,0
Gestion inmobiliaria Victoria,piso,apartamento,Playa Ostende,Playa Ostende,Castro-Urdiales,350000.0,1.0,3.0,112.0,0.0,1.0,1.0,0
Inmobiliaria JC de Laredo,casa,casa independiente,El Puntal,El Puntal,Laredo,550000.0,,4.0,250.0,0.0,,,0
Inmobiliaria E-Castro,casa,casa de piedra,"Barrio Allendelagua, 30",Oriñón-Allendagua,Castro-Urdiales,240000.0,,4.0,234.0,0.0,,,0
Exclusivas inmobiliarias mikeli,piso,apartamento,Bajada de la Encina,El Sardinero,Santander,790000.0,1.0,4.0,141.0,2.0,1.0,1.0,0
Exclusivas inmobiliarias mikeli,piso,apartamento,Calle Bonifaz,Puerto Chico,Santander,385000.0,,2.0,80.0,5.0,1.0,0.0,0
Inmobiliaria JC de Laredo,piso,ático,Avenida los Caleros,Ris,Noja,350000.0,,3.0,90.0,4.0,1.0,1.0,0
Deluxe,piso,apartamento,El Sardinero,El Sardinero,Santander,925000.0,,3.0,133.0,6.0,1.0,1.0,0
Inmobiliaria JC de Laredo,dúplex,,Calle Emperador,Centro,Laredo,299000.0,,3.0,115.0,3.0,1.0,1.0,0
Inmobiliarias.com,piso,apartamento,Barrio Oriñón,Oriñón-Allendagua,Castro-Urdiales,199900.0,1.0,2.0,71.0,1.0,1.0,1.0,0
Inmobiliarias.com,casa,casa adosada,Barrio Otañes,Mioño-Santullán,Castro-Urdiales,275000.0,1.0,3.0,115.0,0.0,,,0
MiPiso.com,piso,apartamento,"Francia, 18",Zona Playa,Laredo,490000.0,,4.0,108.0,5.0,1.0,1.0,0
Inmobiliaria Uranga,piso,apartamento,Calle República de Costa Rica,Zona Playa,Laredo,259000.0,1.0,2.0,70.0,7.0,1.0,1.0,0
Inmobiliaria Mi Villa,piso,apartamento,Avenida de España,Centro,Laredo,498000.0,1.0,3.0,100.0,0.0,1.0,0.0,0
Bahía Home,piso,apartamento,"Calle Lope de Vega, 18",Puerto Chico,Santander,550000.0,,3.0,113.0,4.0,1.0,1.0,0
Inmobiliaria Cidenar,piso,apartamento,Calle las Rederas,Castilla - Hermida,Santander,228000.0,,3.0,73.0,4.0,,1.0,0
Bahía Home,casa,casa independiente,"Calle El Millajo, 1469",,Miengo,698000.0,1.0,5.0,244.0,0.0,,,0
Inmobiliaria Eurocasa,piso,apartamento,Calle Vargas,Cuatro Caminos,Santander,320000.0,,3.0,85.0,4.0,1.0,1.0,0
desconocido,piso,apartamento,"Calle del Voluntariado, 6",Centro,Castro-Urdiales,297000.0,1.0,2.0,80.0,1.0,1.0,1.0,0
Inmobiliaria Uranga,piso,apartamento,Calle República de Colombia,Zona Playa,Laredo,240000.0,,2.0,60.0,15.0,1.0,1.0,0
Engel & Völkers Santander,piso,apartamento,Calle Castelar,Puerto Chico,Santander,1700000.0,1.0,5.0,235.0,,1.0,1.0,0
Reines Grupo Inmobiliario Santander,piso,apartamento,"Calle Joaquín Bustamante, 6",Alisal - Cazoña - San Román,Santander,298000.0,1.0,3.0,120.0,2.0,1.0,0.0,0
MiPiso.com,casa,casa adosada,"Calle República de Panamá, 26",El Puntal,Laredo,550000.0,1.0,4.0,262.0,0.0,,,0
Engel & Völkers Santander,piso,apartamento,Calle Real Racing Club,El Sardinero,Santander,790000.0,1.0,3.0,176.0,,1.0,1.0,0
FLAT INMOBILIARIA,piso,apartamento,Calle Bajada del Chorrillo 3,Centro,Castro-Urdiales,299000.0,,3.0,85.0,3.0,1.0,1.0,0
FLAT INMOBILIARIA,piso,apartamento,Calle de la Ronda 18,Centro,Castro-Urdiales,295000.0,,3.0,104.0,1.0,1.0,1.0,0
Inmonojasol s.l,piso,dúplex,Avenida Ris,Ris,Noja,185000.0,1.0,2.0,62.0,2.0,1.0,0.0,0
Inmonojasol s.l,piso,apartamento,Calle Los Pinares,Ris,Noja,243000.0,1.0,2.0,60.0,0.0,1.0,1.0,0
Gestion inmobiliaria Victoria,piso,apartamento,Isaac Castillo,Mioño-Santullán,Castro-Urdiales,180000.0,,4.0,116.0,1.0,1.0,0.0,0
wejaus,piso,apartamento,Calle Alta 24,Numancia - San Fernando,Santander,185000.0,,1.0,56.0,1.0,1.0,0.0,0
altamira21.com,piso,apartamento,Calle San Sebastian,General Dávila,Santander,209000.0,,2.0,55.0,3.0,1.0,0.0,0
Inmobiliarias San Fernando,piso,apartamento,Calle Poeta Gerardo Diego,Alisal - Cazoña - San Román,Santander,350000.0,1.0,3.0,105.0,1.0,1.0,1.0,0
CHOMON (Margen Izquierda),piso,apartamento,Calle Miguel de Cervantes,Brazomar,Castro-Urdiales,269000.0,1.0,2.0,65.0,2.0,1.0,1.0,0
altamira21.com,piso,apartamento,Via Cornelia 28,General Dávila,Santander,210000.0,,3.0,74.0,2.0,1.0,0.0,0
Gestion inmobiliaria Victoria,dúplex,,Barrio Mioño,Mioño-Santullán,Castro-Urdiales,260000.0,,3.0,124.0,2.0,1.0,0.0,0
Pereda 36,casa,casa independiente,Valdenoja,Valdenoja,Santander,1495000.0,1.0,5.0,462.0,0.0,,,0
Inmobiliaria PAS-NuevoPiso,piso,apartamento,Calle Lauro Fernández González,Alisal - Cazoña - San Román,Santander,349000.0,1.0,3.0,92.0,1.0,1.0,1.0,0
Inmobiliaria las Dunas,piso,apartamento,Calle Jorge Sepúlveda,Monte,Santander,379000.0,1.0,2.0,80.0,1.0,1.0,1.0,0
Inmobiliaria Barrio,piso,apartamento,Numancia - San Fernando,Numancia - San Fernando,Santander,165000.0,,3.0,66.0,5.0,,0.0,0
RK IDEPISOS,piso,apartamento,Calle Río de la Pila,General Dávila,Santander,135000.0,,1.0,34.0,5.0,1.0,0.0,0
Inmobiliaria PAS-NuevoPiso,piso,apartamento,Calle la Amistad,General Dávila,Santander,164000.0,,3.0,60.0,5.0,1.0,0.0,0
Inmobiliaria PAS-NuevoPiso,piso,apartamento,Calle Francisco Palazuelos,General Dávila,Santander,169900.0,,3.0,61.0,2.0,1.0,0.0,0
Inmobiliaria PAS-NuevoPiso,piso,apartamento,Calle Casimiro Sainz,Inmobiliaria - Barreda,Torrelavega,134000.0,,3.0,96.0,2.0,1.0,1.0,0
Inmobiliarias San Fernando,piso,apartamento,Calle Francisco Tomás y Valiente,Peñacastillo - Nuevamontaña,Santander,260000.0,1.0,3.0,89.0,1.0,1.0,1.0,0
Gestion inmobiliaria Victoria,casa,casa independiente,Samano,Sámano,Castro-Urdiales,435000.0,,4.0,191.0,0.0,,,0
CHOMON (Margen Izquierda),piso,apartamento,Calle de San Juan,Ris,Noja,245000.0,,3.0,90.0,1.0,1.0,0.0,0
Inmobiliaria Uranga,piso,apartamento,Calle Gutiérrez Rada,Centro,Laredo,175000.0,,2.0,89.0,0.0,1.0,0.0,0
Inmobiliaria Uranga,piso,apartamento,Barrio Oriñón,Oriñón-Allendagua,Castro-Urdiales,195000.0,1.0,2.0,70.0,3.0,1.0,1.0,0
Inmonojasol s.l,piso,apartamento,Calle Castrejón,Ris,Noja,210000.0,,2.0,65.0,1.0,1.0,0.0,0
Inmonojasol s.l,piso,apartamento,Avenida Ris,Ris,Noja,235000.0,,2.0,74.0,0.0,1.0,1.0,0
Inmonojasol s.l,piso,apartamento,Calle Victoria,Tregadín,Noja,240000.0,1.0,2.0,60.0,0.0,1.0,0.0,0
Inmonojasol s.l,piso,apartamento,Calle Los Pinares,Ris,Noja,220000.0,1.0,2.0,60.0,2.0,1.0,0.0,0
ACERO Inmobiliaria,dúplex,,Calle Manuel González Hoyos,Valdenoja,Santander,930000.0,1.0,4.0,192.0,4.0,1.0,1.0,0
Inmonojasol s.l,piso,apartamento,Calle Padre Pedro López,Tregadín,Noja,185000.0,,2.0,60.0,2.0,1.0,0.0,0
Básico Homes,piso,apartamento,Calle Hermanos Calderón,Peñacastillo - Nuevamontaña,Santander,243000.0,1.0,3.0,87.0,1.0,1.0,1.0,0
Inmonojasol s.l,piso,apartamento,Avenida Ris,Ris,Noja,269000.0,1.0,3.0,75.0,4.0,1.0,1.0,0
Gestion inmobiliaria Victoria,casa,casa independiente,Samano,Sámano,Castro-Urdiales,950000.0,1.0,6.0,418.0,0.0,,,0
Gestion inmobiliaria Victoria,piso,apartamento,Playa Ostende,Playa Ostende,Castro-Urdiales,350000.0,0.0,2.0,98.0,2.0,1.0,1.0,0
Distrito inmobiliario,casa,casa independiente,Calle Luis Martínez,El Sardinero,Santander,2900000.0,1.0,5.0,391.0,0.0,,,0
Gestion inmobiliaria Victoria,casa,casa de pueblo,Mioño-Santullán,Mioño-Santullán,Castro-Urdiales,280000.0,0.0,4.0,180.0,0.0,,,0
Estudio Barakaldo,casa,casa independiente,Oriñón-Allendagua,Islares,Castro-Urdiales,619900.0,0.0,6.0,320.0,0.0,,,0
ACERO Inmobiliaria,piso,apartamento,Urbanización Ría del Pas,Boo,Piélagos,190000.0,0.0,2.0,70.0,1.0,1.0,1.0,0
RUBIO INMOBILIARIA,casa,casa independiente,Barrio Las Carcobas,El Callejo - La Pesquera - La Arenosa,Laredo,460000.0,1.0,3.0,295.0,0.0,,,0
Inmobiliarias San Fernando,piso,apartamento,Calle San Celedonio,General Dávila,Santander,279000.0,0.0,3.0,78.0,3.0,1.0,1.0,0
ACERO Inmobiliaria,piso,apartamento,Avenida de Valdecilla,Cuatro Caminos,Santander,490000.0,1.0,5.0,141.0,7.0,1.0,1.0,0
THE SIBARIST Property & Homes Cantabria,casa,casa independiente,Liencres,Liencres,Piélagos,1700000.0,1.0,4.0,220.0,0.0,,,0
ACERO Inmobiliaria,piso,apartamento,Calle María Cristina,General Dávila,Santander,170000.0,0.0,1.0,51.0,,1.0,0.0,0
RK IDEPISOS,casa,casa,Peñacastillo - Nuevamontaña,Peñacastillo - Nuevamontaña,Santander,198000.0,0.0,4.0,440.0,0.0,,,0
ACERO Inmobiliaria,piso,apartamento,Calle Santa Lucía,Puerto Chico,Santander,165000.0,0.0,3.0,52.0,4.0,1.0,0.0,0
MENA INMOBILIARIA,casa,casa,Parbayón,Parbayón,Piélagos,215000.0,1.0,3.0,146.0,0.0,,,0
Inmobiliarias San Fernando,piso,apartamento,Calle Eusebio Santamaría,Peñacastillo - Nuevamontaña,Santander,250000.0,1.0,2.0,68.0,5.0,1.0,1.0,0
Inmobiliaria Barrio,dúplex,,Castilla - Hermida,Castilla - Hermida,Santander,372000.0,0.0,3.0,108.0,5.0,1.0,1.0,0
desconocido,casa,casa independiente,Calle la Llanilla,Alisal - Cazoña - San Román,Santander,890000.0,1.0,4.0,267.0,0.0,,,0
Distrito inmobiliario,piso,apartamento,Calle Leopoldo Pardo,Castilla - Hermida,Santander,250000.0,0.0,2.0,78.0,3.0,1.0,1.0,0
Exclusivas inmobiliarias mikeli,casa,casa adosada,Calle Vicente Trueba 3,Alisal - Cazoña - San Román,Santander,475000.0,1.0,4.0,228.0,0.0,,,0
Exclusivas inmobiliarias mikeli,casa,casa adosada,Avenida de Cantabria,La Pereda,Santander,580000.0,1.0,5.0,159.0,0.0,,,0
Exclusivas inmobiliarias mikeli,casa,casa independiente,Barrio Huyo,Somo,Ribamontán al Mar,1620000.0,1.0,7.0,553.0,0.0,,,0
Trece Home,casa,casa independiente,Avenida del Faro,Ajo,,470000.0,1.0,4.0,269.0,0.0,,,0
altamira21.com,casa,casa independiente,Barrio las Cerreas,Liencres,Piélagos,950000.0,1.0,5.0,351.0,0.0,,,0
altamira21.com,piso,apartamento,Calle los Indianos,Numancia - San Fernando,Santander,285000.0,0.0,3.0,69.0,3.0,1.0,0.0,0
altamira21.com,casa,chalét,Barrio la Sierra 38,Hazas de Cesto,Praves,490000.0,0.0,8.0,248.0,0.0,,,0
Inmobiliaria E-Castro,casa,casa independiente,Barrio Cereceda 11,Rasines,Rasines,295000.0,0.0,3.0,228.0,0.0,,,0
Inmobiliaria E-Castro,casa,casa independiente,Calle Monte,Santoña,Santoña,1200000.0,1.0,4.0,348.0,0.0,,,0
Exclusivas inmobiliarias mikeli,casa,chalét,Calle Castío,Santillana del Mar,Santillana del Mar,1090000.0,1.0,7.0,492.0,0.0,,,0
Inmobiliaria JC de Laredo,casa,casa independiente,Calle San Pedro,Limpias,Seña (Limpias),349000.0,1.0,3.0,158.0,0.0,,,0
RE/MAX Vértice,piso,apartamento,Calle Castilla,Castilla - Hermida,Santander,220000.0,0.0,3.0,121.0,8.0,1.0,1.0,0
Inmobiliaria JC de Laredo,casa,casa independiente,Centro,Centro,Laredo,369000.0,0.0,5.0,205.0,0.0,,,0
Inmobiliaria JC de Laredo,casa,casa adosada,Barcena de Cicero,Barcena de Cicero,,358000.0,1.0,4.0,231.0,0.0,,,0
donpiso Santander,piso,apartamento,Calle Marqués de la Hermida,Castilla - Hermida,Santander,240000.0,0.0,4.0,107.0,1.0,1.0,1.0,0
Inmobiliaria JC de Laredo,casa,casa independiente,Barcena de Cicero,Barcena de Cicero,,890000.0,1.0,5.0,500.0,0.0,,,0
Inmobiliaria Mi Villa,casa,casa independiente,Limpias,Limpias,,369000.0,1.0,5.0,204.0,0.0,,,0
Inmobiliaria Mi Villa,piso,apartamento,Ampuero,Ampuero,,169000.0,1.0,3.0,113.0,2.0,1.0,0.0,0
Trece Home,piso,dúplex,Calle Salceda,Pedroso,Noja,225000.0,1.0,2.0,85.0,2.0,1.0,0.0,0
Inmobiliaria Mi Villa,casa,casa independiente,Limpias,Limpias,,445000.0,1.0,3.0,212.0,0.0,,,0
Trece Home,casa,chalét,Calle el Casar,Tregadín,Noja,1290000.0,1.0,4.0,740.0,0.0,,,0
RE/MAX Vértice,casa,casa independiente,Barrio el Albulde,Meruelo,Meruelo,680000.0,1.0,4.0,281.0,0.0,,,0
Inmobiliaria JC de Laredo,piso,apartamento,Colindres,Colindres,,159000.0,0.0,2.0,73.0,2.0,1.0,1.0,0
altamira21.com,piso,apartamento,Calle los Foramontanos,Alisal - Cazoña - San Román,Santander,195000.0,0.0,3.0,93.0,2.0,1.0,1.0,0
RE/MAX Vértice,casa,casa independiente,Escobedo,Escobedo,Camargo,680000.0,1.0,5.0,401.0,0.0,,,0
Engel & Völkers Santander,casa,casa adosada,Calle Francisco de Cáceres,Valdenoja,Santander,1050000.0,1.0,4.0,379.0,0.0,,,0
Engel & Völkers Santander,casa,casa independiente,Abra del Pas,Mogro,,950000.0,1.0,8.0,286.0,0.0,,,0
Trece Home,piso,apartamento,Avenida Benedicto Ruiz,Ajo,,325000.0,0.0,3.0,101.0,2.0,,,0
Exclusivas inmobiliarias mikeli,casa,casa independiente,Calle de la Arnia,Soto de la Marina,Santa Cruz de Bezana,1290000.0,1.0,5.0,439.0,0.0,,,0
Exclusivas inmobiliarias mikeli,casa,casa independiente,Guriezo,Guriezo,,630000.0,0.0,4.0,255.0,0.0,,,0
Exclusivas inmobiliarias mikeli,casa,casa independiente,Calle los Calderones,Soto de la Marina,Santa Cruz de Bezana,1080000.0,1.0,4.0,449.0,0.0,,,0
RE/MAX Vértice,piso,apartamento,Calle Vargas,Numancia - San Fernando,Santander,180000.0,0.0,2.0,92.0,4.0,1.0,0.0,0
Inmobiliaria Mi Villa,piso,estudio,Calle Marqués de Comillas,Centro,Laredo,138000.0,0.0,0.0,40.0,2.0,1.0,1.0,0
Inmobiliaria Mi Villa,piso,apartamento,Calle el cormecio,Ampuero,Ampuero,160000.0,1.0,4.0,100.0,1.0,1.0,0.0,0
Inmobiliaria JC de Laredo,casa,casa independiente,Voto,Voto,,195000.0,0.0,5.0,200.0,0.0,,,0
RE/MAX Vértice,piso,apartamento,Avenida España,El Parque - Zapatón,Torrelavega,250000.0,0.0,5.0,163.0,1.0,1.0,1.0,0
Inmobiliaria Mi Villa,piso,ático,Calle El Cabrahido,Limpias,Limpias,190000.0,1.0,2.0,67.0,3.0,0.0,1.0,0
Inmobiliaria JC de Laredo,piso,apartamento,Santoña,Santoña,,299000.0,0.0,9.0,145.0,1.0,1.0,1.0,0
Inmobiliaria Mi Villa,piso,apartamento,Calle Espina,Limpias,Limpias,165000.0,1.0,2.0,65.0,0.0,1.0,1.0,0
Inmobiliaria Mi Villa,piso,apartamento,Barrio la Quintana,Ramales de la Victoria,Gibaja,115000.0,0.0,3.0,93.0,2.0,1.0,0.0,0
Fincas Mafer,piso,apartamento,Travesía de el Cantón 22,Limpias,Limpias,155000.0,1.0,3.0,97.0,2.0,0.0,1.0,0
Fincas Mafer,casa,casa independiente,Barrio Secadura-la Fragua 69 a,Voto,Secadura,253000.0,0.0,5.0,315.0,0.0,,,0
Trece Home,casa,chalét,Barrio Villanueva 39,Meruelo,Meruelo,595000.0,1.0,4.0,236.0,0.0,,,0
Engel & Völkers Santander,casa,casa independiente,La concha 6,Suances,Suances,1150000.0,1.0,6.0,591.0,0.0,,,0
Inmobiliaria Eurocasa,piso,apartamento,Barrio las Cuartas,Renedo,Piélagos,175000.0,1.0,2.0,76.0,3.0,1.0,1.0,0
RE/MAX Vértice,piso,apartamento,Hoznayo,Hoznayo,,179500.0,1.0,2.0,71.0,2.0,1.0,0.0,0
Inmobiliaria JC de Laredo,casa,casa de piedra,Calle Menéndez Pelayo,Ramales de la Victoria,Ramales de la Victoria,268000.0,0.0,6.0,201.0,0.0,,,0
Bahía Home,piso,apartamento,Paseo de Altamira 12,General Dávila,Santander,849000.0,1.0,5.0,209.0,1.0,1.0,1.0,0
Exclusivas inmobiliarias mikeli,piso,apartamento,Barrio Rodil,Mortera,Piélagos,180000.0,0.0,1.0,49.0,0.0,1.0,0.0,0
RE/MAX Vértice,piso,apartamento,Barrio Entrambasaguas,Entrambasaguas,Entrambasaguas,238000.0,1.0,3.0,93.0,2.0,1.0,1.0,0
Fincas Mafer,casa,casa independiente,La Bárcena 8,Ampuero,Ampuero,479000.0,1.0,5.0,324.0,0.0,,,0
Fincas Mafer,piso,apartamento,Calle Doctor Senderos 5,Centro,Laredo,360000.0,0.0,3.0,106.0,2.0,1.0,1.0,0
Trece Home,piso,apartamento,Avenida Benedicto Ruiz,Ajo,,210000.0,0.0,3.0,100.0,,1.0,,0
RE/MAX Vértice,casa,casa independiente,Barrio la Iglesia,Polanco,Polanco,850000.0,1.0,12.0,580.0,0.0,,,0
Bahía Home,casa,casa independiente,Calle Veridiano Rojo Herrera 7,Cueto,Santander,1199000.0,1.0,4.0,416.0,0.0,,,0
INMOGAR BILBAO,casa,casa independiente,Barrio Ontón,Ontón,Castro-Urdiales,349000.0,1.0,3.0,220.0,0.0,,,0
Inmobiliaria Eurocasa,piso,apartamento,Calle Francisco Cubría,Numancia - San Fernando,Santander,370000.0,0.0,4.0,104.0,1.0,1.0,1.0,0
Bahía Home,casa,casa independiente,Calle Higarino 443,Miengo,Miengo,500000.0,1.0,3.0,114.0,0.0,,,0
Bahía Home,piso,ático,Avenida Santander 16,Tregadín,Noja,259000.0,1.0,2.0,94.0,4.0,1.0,1.0,0
Inmobiliaria Eurocasa,casa,casa,Calle el Mazo de Abajo,Alisal - Cazoña - San Román,Santander,375000.0,0.0,7.0,363.0,0.0,,,0
donpiso Santander,piso,apartamento,Calle Galicia,General Dávila,Santander,169900.0,0.0,3.0,66.0,0.0,1.0,0.0,0
ELITE,casa,masía,Calle del Progreso 2,Ampuero,Ampuero,1390000.0,1.0,8.0,874.0,0.0,,,0
Engel & Völkers Santander,casa,casa independiente,Calle Torrelavega,Suances,Suances,875000.0,0.0,4.0,250.0,0.0,,,0
Look and find gijon,casa,chalét,Barrio Requejada,Polanco,Polanco,395000.0,1.0,4.0,300.0,0.0,,,0
Engel & Völkers Santander,casa,villa,Barrio la Cotera,Medio Cudeyo,Medio Cudeyo,689900.0,1.0,5.0,412.0,0.0,,,0
donpiso Santander,casa,casa independiente,Calle Lluja,Peñacastillo - Nuevamontaña,Santander,891140.0,,3.0,300.0,0.0,,,0
Look & Find Ríos Rosas,piso,apartamento,Calle Calvo Sotelo,Centro - Ayuntamiento,Santander,640000.0,0.0,4.0,195.0,2.0,1.0,1.0,0
Inmobiliaria uranga,casa,casa independiente,Puente Barrio el,Guriezo,Guriezo,250000.0,1.0,6.0,483.0,0.0,,,0
MiPiso.com,casa,casa independiente,El Callejo - La Pesquera - La Arenosa,Laredo,Laredo,299000.0,0.0,4.0,260.0,0.0,,,0
Tempo Family Real Estate,casa,casa independiente,Avenida La Constitución,Hinojedo,Suances,599000.0,0.0,5.0,264.0,0.0,,,0
INMOBILIARIA VHL,casa,casa independiente,Barrio Brazomar,Cotolino,Castro-Urdiales,449000.0,1.0,4.0,231.0,0.0,,,0
ELITE,casa,casa independiente,Calle El Millajo,Miengo,Miengo,890000.0,1.0,6.0,360.0,0.0,,,0
López Alonso Inmobiliaria,piso,apartamento,Avenida de Pontejos,El Sardinero,Santander,950000.0,1.0,3.0,158.0,8.0,1.0,1.0,0
Inmobiliaria uranga,casa,casa adosada,Barrio Rioseco,Guriezo,Guriezo,263000.0,0.0,4.0,116.0,0.0,,,0
Inmonorte,piso,apartamento,Avenida de España,Centro,Laredo,495000.0,0.0,7.0,260.0,2.0,1.0,0.0,0
RE/MAX Vértice,casa,casa montañesa,Liérganes,Liérganes,Liérganes,750000.0,1.0,10.0,392.0,0.0,,,0
Inmosantander,casa,casa adosada,Urbanización Virgen del Mar,Soto de la Marina,Santa Cruz de Bezana,545000.0,1.0,4.0,275.0,0.0,,,0
Look & Find Santander,casa,casa adosada,Calle Prosperidad,El Astillero,El Astillero,235000.0,1.0,2.0,90.0,0.0,,,0
ELITE,casa,casa independiente,Barrio Viveda,Viveda,Viveda,795000.0,1.0,4.0,369.0,0.0,,,0
Norinmobiliaria,casa,casa adosada,Barrio la Portilla,Liendo,Liendo,598000.0,0.0,7.0,405.0,0.0,,,0
INMOBILIARIA INVERCASS,casa,casa independiente,Barrio Islares,Oriñón-Allendagua,Castro-Urdiales,699000.0,1.0,6.0,304.0,0.0,,,0
Fuennova,piso,apartamento,Calle Río Saja 24,San Vicente de la Barquera,San Vicente de la Barquera,259000.0,1.0,2.0,66.0,3.0,1.0,1.0,0
desconocido,dúplex,,Calle Teresa de Calcuta 14,Cotolino,Castro-Urdiales,330000.0,1.0,3.0,106.0,5.0,1.0,1.0,0
Inmobiliaria Suances,piso,apartamento,Calle Torrelavega 6,Suances,Suances,349000.0,0.0,3.0,111.0,2.0,1.0,0.0,0
Inmobiliaria PAS-NuevoPiso,piso,apartamento,Calle Arrabal,Centro - Ayuntamiento,Santander,295000.0,0.0,4.0,88.0,3.0,1.0,0.0,0
Inmobiliaria Mi Villa,piso,apartamento,Barrio la Estación,Ampuero,Ampuero,172000.0,1.0,3.0,85.0,2.0,1.0,1.0,0
Inmobiliaria Vacaciones,casa,casa independiente,Calle Muelle del Rey,Somo,Ribamontan al Mar,1289000.0,1.0,5.0,375.0,0.0,,,0
Inmobiliaria Suances,casa,casa independiente,Calle las Peñias 6,Suances,Suances,990000.0,1.0,6.0,375.0,0.0,,,0
Mirapiso,piso,ático,Avenida San Miguel 25,Meruelo,Meruelo,164000.0,1.0,2.0,88.0,2.0,1.0,1.0,0
EC Inmobiliaria,piso,apartamento,Calle San Juan Bautista de la Salle,General Dávila,Santander,330000.0,1.0,2.0,76.0,3.0,1.0,1.0,0
Norhaus Real Estate,casa,casa adosada,Barrio Solegrario,Ribamontan al Monte,Ribamontan al Monte,148000.0,0.0,3.0,217.0,0.0,,,0
Inmonojasol s.l,casa,chalét,Calle La Ojerada,Ajo,Ajo,399000.0,1.0,4.0,200.0,0.0,,,0
Ática Inmobiliaria,piso,apartamento,Calle Simancas,General Dávila,Santander,340000.0,1.0,2.0,117.0,3.0,1.0,1.0,0
Ática Inmobiliaria,casa,casa adosada,Barrio la Puntania,Mortera,Piélagos,499000.0,1.0,5.0,248.0,0.0,,,0
Norhaus Real Estate,casa,casa de pueblo,Jan Curtius 17,Liérganes,Liérganes,625000.0,0.0,5.0,407.0,0.0,,,0
Inmobiliaria Barrio,casa,chalét,Carretera Avios 30,Suances,Suances,950000.0,1.0,4.0,319.0,0.0,,,0
Inmosantander,casa,casa independiente,Av Fernando Saiz,Soto de la Marina,Santa Cruz de Bezana,590000.0,1.0,5.0,148.0,0.0,,,0
Norhaus Real Estate,casa,casa de pueblo,Carretera Trasculina 6,Riotuerto,Riotuerto,120000.0,0.0,3.0,269.0,0.0,,,0
Inmobiliaria Barrio,piso,ático,Calle Valladolid 3,Suances,Suances,500000.0,0.0,3.0,103.0,5.0,1.0,1.0,0
Mies de Rial,piso,apartamento,Calle Burgos,Numancia - San Fernando,Santander,219000.0,0.0,4.0,119.0,4.0,1.0,0.0,0
Engel & Völkers Santander,casa,casa independiente,Barrio Carrejo,Cabezón de la Sal,Cabezón de la Sal,670000.0,0.0,4.0,305.0,0.0,,,0
Inmobiliaria uranga,casa,casa independiente,Urbanización Peñaflor,Limpias,Limpias,415000.0,0.0,5.0,230.0,0.0,,,0
Inmobiliaria PAS-NuevoPiso,piso,apartamento,Calle Gerardo Diego,Alisal - Cazoña - San Román,Santander,330000.0,1.0,3.0,87.0,5.0,1.0,1.0,0
desconocido,dúplex,,Calle Ortiz Otáñez 32,Santoña,Santoña,310000.0,0.0,3.0,166.0,3.0,1.0,1.0,0
Espazio Inmobiliario,casa,casa independiente,Carretera Ongayo,Suances,Suances,980000.0,1.0,4.0,274.0,0.0,,,0
Inmobiliaria PAS-NuevoPiso,casa,casa independiente,CA-303,Mortera,Piélagos,470000.0,1.0,4.0,360.0,0.0,,,0
Norinmobiliaria,piso,apartamento,Av Cantabria,Escalante,Escalante,199000.0,0.0,3.0,99.0,1.0,1.0,0.0,0
Inmobiliaria PAS-NuevoPiso,piso,apartamento,Calle Carlos III,Castilla - Hermida,Santander,328000.0,0.0,4.0,108.0,4.0,1.0,1.0,0
Grupo Imperio Building,dúplex,,Barrio la Somadilla,Voto,Voto,148000.0,1.0,3.0,100.0,1.0,,,0
Engel & Völkers Santander,casa,casa independiente,Barrio la Esprilla,Igollo,Camargo,250000.0,0.0,2.0,54.0,0.0,,,0
Look & Find Santander,piso,apartamento,Calle Alday,Maliaño,Camargo,250000.0,1.0,2.0,86.0,0.0,1.0,1.0,0
Distrito Inmobiliario,piso,apartamento,Calle Justicia,Cuatro Caminos,Santander,250000.0,0.0,2.0,67.0,3.0,1.0,0.0,0
Inmobiliaria Eurocasa,casa,casa independiente,Liencres,Piélagos,Piélagos,600000.0,1.0,3.0,104.0,0.0,,,0
Gestión Inmobiliaria Crisser,piso,apartamento,Av Benedicto Ruiz,Ajo,Ajo,130000.0,0.0,1.0,47.0,1.0,1.0,1.0,0
Inmobiliaria las Dunas,casa,casa independiente,La Tejera,Boo,Piélagos,670000.0,1.0,5.0,400.0,0.0,,,0
Inmobiliarias San Fernando,casa,casa independiente,Barrio Mies del Valle,Oruña,Piélagos,567000.0,1.0,5.0,262.0,0.0,,,0
desconocido,casa,casa independiente,Barrio San Mames Iglesia,Meruelo,Meruelo,420000.0,1.0,3.0,150.0,0.0,,,0
BilboLar Servicios Inmobiliarios,piso,apartamento,Calle República Argentina,Centro,Castro-Urdiales,400000.0,0.0,5.0,150.0,5.0,1.0,1.0,0
Inmobiliarias San Fernando,casa,casa independiente,N-611,Cartes,Cartes,329000.0,1.0,4.0,247.0,0.0,,,0
Inmobiliaria uranga,casa,casa independiente,Puente Barrio el,Guriezo,Guriezo,288000.0,0.0,3.0,110.0,0.0,,,0
RUBIO INMOBILIARIA,casa,casa de pueblo,Calle la Mies 7,Ampuero,Ampuero,395000.0,1.0,4.0,284.0,0.0,,,0
desconocido,casa,casa independiente,Bo Liaño-Bofetán,Villaescusa,Villaescusa,395000.0,1.0,4.0,494.0,0.0,,,0
Inmobiliaria SOMOPLAYA / INMOLOREDO,casa,casa independiente,Ribamontan al Monte,,Ribamontan al Monte,450000.0,0.0,4.0,160.0,0.0,,,0
Nortepisos,casa,chalét,Barrio la Sierra 1,Ris,Noja,359900.0,1.0,3.0,100.0,0.0,,,0
gestiona inmobiliaria,piso,apartamento,Tregadín,Noja,Noja,285000.0,1.0,1.0,65.0,0.0,1.0,0.0,0
desconocido,piso,apartamento,Rasines,Rasines,Rasines,130000.0,0.0,3.0,87.0,1.0,1.0,0.0,0
Gestión Inmobiliaria Val de Cella,piso,apartamento,Calle Playa de Usil 465,Mogro,Mogro,210000.0,1.0,2.0,60.0,1.0,1.0,0.0,0
ELITE,casa,casona,Barcena de Cicero,Bárcena de Cicero,Bárcena de Cicero,1850000.0,1.0,7.0,997.0,0.0,,,0
Nortepisos,piso,apartamento,Avenida San Miguel 1,Meruelo,Meruelo,150000.0,1.0,2.0,67.0,3.0,,,0
Fuennova,casa,casa independiente,Barrio Abaño 3,San Vicente de la Barquera,San Vicente de la Barquera,585000.0,0.0,4.0,194.0,0.0,,,0
INMOBILIARIA INVERCASS,casa,casa adosada,Brazomar,Castro-Urdiales,Castro-Urdiales,515000.0,1.0,4.0,247.0,0.0,,,0
Inmonojasol s.l,casa,chalét,Barrio Castillo,Arnuero,Arnuero,430000.0,1.0,4.0,290.0,0.0,,,0
Ática Inmobiliaria,casa,casa de pueblo,Barrio Casuso,Bárcena de Cicero,Bárcena de Cicero,495000.0,0.0,8.0,361.0,0.0,,,0
Inmonojasol s.l,casa,casa adosada,Calle Alonso del Camino,Ajo,Ajo,375000.0,1.0,5.0,190.0,0.0,,,0
Inmonojasol s.l,casa,casa adosada,Barrio el Mesón,Beranga,Beranga,340000.0,1.0,5.0,200.0,0.0,,,0
MENA INMOBILIARIA,piso,apartamento,Bezana,Santa Cruz de Bezana,Santa Cruz de Bezana,299000.0,1.0,3.0,95.0,1.0,1.0,1.0,0
Inmonojasol s.l,casa,casa independiente,Carretera de Soano,Noja,Noja,1130000.0,1.0,5.0,650.0,0.0,,,0
Inmonojasol s.l,casa,casa adosada,Avenida Ris,Ris,Noja,359900.0,1.0,3.0,100.0,0.0,,,0
desconocido,casa,casa independiente,Barrio el Carmen 40,Revilla,Camargo,349000.0,1.0,4.0,324.0,0.0,,,0
Inmonojasol s.l,casa,casa adosada,Barrio Arnuero-Espinamonte,Arnuero,Arnuero,290000.0,1.0,3.0,160.0,0.0,,,0
Inmonojasol s.l,casa,casa independiente,Calle el Casar,Tregadín,Noja,1290000.0,1.0,4.0,715.0,0.0,,,0
Inmonojasol s.l,casa,chalét,Barrio la Iglesia de San Mamés,Meruelo,Meruelo,374000.0,1.0,3.0,180.0,0.0,,,0
desconocido,piso,dúplex,Calle Cardenal Cisneros,General Dávila,Santander,450000.0,0.0,3.0,198.0,0.0,1.0,0.0,0
desconocido,piso,apartamento,Calle San Luis,Numancia - San Fernando,Santander,220000.0,0.0,3.0,64.0,4.0,1.0,0.0,0
Grupo Imperio Building,piso,apartamento,Voto,Voto,Voto,159000.0,1.0,2.0,70.0,3.0,1.0,1.0,0
Engel & Völkers Santander,casa,masía,Lugar Padierniga,Voto,Voto,648000.0,1.0,5.0,319.0,0.0,,,0
Distrito Inmobiliario,casa,casa adosada,Barrio el Callejo,Liencres,Piélagos,354000.0,1.0,4.0,170.0,0.0,,,0
Lovia Homes S.L.,casa,casa independiente,Camargo,Camargo,Camargo,320000.0,0.0,4.0,607.0,0.0,,,0
Inmobiliaria Barrio,casa,casa independiente,Calle La Tabierna 47,Suances,Suances,950000.0,1.0,6.0,456.0,0.0,,,0
Gestión Inmobiliaria Val de Cella,piso,apartamento,Barrio la Sierra 61,Hoznayo,Hoznayo,210000.0,1.0,3.0,91.0,0.0,1.0,0.0,0
Inmobiliarias San Fernando,casa,casa adosada,Puente San Miguel,Puente San Miguel,Puente San Miguel,369000.0,1.0,3.0,214.0,0.0,,,0
INMOBILIARIA COSTA BELLA,casa,casa independiente,Barrio San Pantaleón,Arnuero,Arnuero,680000.0,1.0,5.0,580.0,0.0,,,0
Gestión Inmobiliaria Val de Cella,piso,apartamento,Calle Manuel González Hoyos 6,Valdenoja,Santander,630000.0,1.0,3.0,119.0,2.0,1.0,1.0,0
Fuennova,casa,casa independiente,Calle Río Saja,San Vicente de la Barquera,San Vicente de la Barquera,1800000.0,1.0,8.0,812.0,0.0,,,0
Inmobiliaria uranga,casa,casa independiente,Calle Carnerizas,Barcena de Cicero,Barcena de Cicero,220000.0,0.0,2.0,270.0,0.0,,,0
Gestión Inmobiliaria Crisser,casa,casa adosada,Ajo,Ajo,Ajo,450000.0,0.0,4.0,184.0,0.0,,,0
Gestión Inmobiliaria Crisser,piso,ático,Ajo,Ajo,Ajo,275000.0,0.0,3.0,110.0,3.0,1.0,1.0,0
Espazio Inmobiliario,casa,casa independiente,Polanco,Polanco,Polanco,495000.0,1.0,3.0,210.0,0.0,,,0
Espazio Inmobiliario,casa,casa independiente,Entrambasaguas,Entrambasaguas,Entrambasaguas,455000.0,1.0,4.0,206.0,0.0,,,0
cadacasa,piso,apartamento,El Astillero,El Astillero,El Astillero,236000.0,1.0,3.0,100.0,0.0,1.0,0.0,0
gestiona inmobiliaria,casa,casa independiente,Galizano,Ribamontan al Mar,Ribamontan al Mar,480000.0,1.0,3.0,124.0,0.0,,,0
Gestión Inmobiliaria Crisser,casa,casa adosada,Ajo,Ajo,Ajo,375000.0,1.0,5.0,189.0,0.0,,,0
Espazio Inmobiliario,casa,casa independiente,Arenas de Iguña,Arenas de Iguña,Arenas de Iguña,365000.0,1.0,4.0,535.0,0.0,,,0
Prada&Asociados,casa,casa adosada,Ribamontan al Monte,Ribamontan al Monte,Ribamontan al Monte,250000.0,1.0,8.0,430.0,0.0,,,0
gestiona inmobiliaria,casa,casa independiente,Marina de Cudeyo,Marina de Cudeyo,Marina de Cudeyo,830000.0,1.0,4.0,438.0,0.0,,,0
Espazio Inmobiliario,piso,apartamento,Torrelavega,Torrelavega,Torrelavega,279000.0,0.0,3.0,85.0,1.0,1.0,1.0,0
SONSOLES GRUPO INMOBILIARIO,piso,apartamento,Cuatro Caminos,Santander,Santander,190000.0,0.0,1.0,86.0,0.0,1.0,0.0,0
gestiona inmobiliaria,piso,apartamento,Ris,Noja,Noja,245000.0,1.0,2.0,61.0,0.0,1.0,1.0,0
Bankcasas.com,piso,apartamento,Centro - Ayuntamiento,Santander,Santander,168000.0,0.0,3.0,120.0,0.0,1.0,0.0,0
Prada&Asociados,casa,casa independiente,Laredo,Laredo,Laredo,460000.0,1.0,6.0,295.0,0.0,,,0
gestiona inmobiliaria,casa,casa independiente,Noja,Noja,Noja,395000.0,0.0,4.0,240.0,0.0,,,0
gestiona inmobiliaria,piso,apartamento,Tregadín,Noja,Noja,225000.0,1.0,2.0,62.0,0.0,1.0,0.0,0
gestiona inmobiliaria,piso,ático,Ris,Noja,Noja,200000.0,1.0,2.0,80.0,3.0,1.0,0.0,0
desconocido,piso,apartamento,Calle Juan Jose Ruano 18,Santoña,Santoña,160000.0,0.0,1.0,55.0,,1.0,1.0,0
Inmobiliaria Suances,piso,ático,Calle Serapio Beade 9,Suances,Suances,175000.0,1.0,2.0,63.0,3.0,1.0,1.0,0
Inmobiliaria SOMOPLAYA,casa,casa independiente,Ribamontan al Monte,Ribamontan al Monte,Ribamontan al Monte,410000.0,1.0,4.0,180.0,0.0,,,0
INMOBILIARIA INVERCASS,piso,apartamento,Centro,Castro-Urdiales,Castro-Urdiales,269000.0,0.0,5.0,114.0,2.0,1.0,0.0,0
MENA INMOBILIARIA,casa,casa independiente,Maoño,Santa Cruz de Bezana,Santa Cruz de Bezana,390000.0,1.0,3.0,479.0,0.0,,,0
Exclusivas inmobiliarias mikeli,casa,chalét,Ramales de la Victoria,Ramales de la Victoria,Ramales de la Victoria,1275000.0,0.0,6.0,382.0,0.0,,,0
Mies de Rial,piso,apartamento,Numancia - San Fernando,Santander,Santander,259000.0,0.0,3.0,81.0,4.0,1.0,1.0,0
Exclusivas inmobiliarias mikeli,casa,casa independiente,Alfoz de Lloredo,Alfoz de Lloredo,Alfoz de Lloredo,765000.0,1.0,4.0,494.0,0.0,,,0
Exclusivas inmobiliarias mikeli,casa,casa independiente,Santoña,Santoña,Santoña,825000.0,1.0,4.0,287.0,0.0,,,0
Exclusivas inmobiliarias mikeli,casa,casa independiente,Ampuero,Ampuero,Ampuero,645000.0,0.0,10.0,541.0,0.0,,,0
Inmobiliaria JC de Laredo,casa,casa independiente,Laredo,Laredo,Laredo,460000.0,1.0,5.0,295.0,0.0,,,0
Inmobiliarias.com,piso,apartamento,Playa Ostende,Castro-Urdiales,Castro-Urdiales,400000.0,0.0,2.0,80.0,1.0,1.0,1.0,0
Espazio Inmobiliario,casa,casa independiente,Igollo,Camargo,Camargo,2884000.0,1.0,5.0,800.0,0.0,,,0
Inmobiliaria Vacaciones,casa,casa independiente,Suesa,Ribamontan al Mar,Ribamontan al Mar,650000.0,1.0,4.0,180.0,0.0,,,0
Nortepisos,piso,apartamento,Tregadín,Noja,Noja,270000.0,1.0,3.0,73.0,3.0,1.0,1.0,0
eXp Realty España,casa,casa independiente,Penagos,Penagos,Penagos,320000.0,1.0,4.0,196.0,0.0,,,0
Inmobiliaria las Dunas,casa,casa independiente,Oruña,Piélagos,Piélagos,720000.0,1.0,4.0,300.0,0.0,,,0
Inmobiliaria JC de Laredo,casa,casa independiente,Barcena de Cicero,Barcena de Cicero,Barcena de Cicero,449000.0,0.0,5.0,257.0,0.0,,,0
Inmobiliarias.com,casa,casa independiente,Guriezo,Guriezo,Guriezo,550000.0,1.0,4.0,360.0,0.0,,,0
Exclusivas inmobiliarias mikeli,casa,casa independiente,Marina de Cudeyo,Marina de Cudeyo,Marina de Cudeyo,800000.0,1.0,8.0,374.0,0.0,,,0
viBe,piso,apartamento,Suances,Suances,Suances,198000.0,0.0,3.0,90.0,3.0,1.0,0.0,0
INMOBILIARIA INVERCASS,casa,casa adosada,Cotolino,Castro-Urdiales,Castro-Urdiales,550000.0,1.0,3.0,301.0,0.0,,,0
Inmobiliarias.com,casa,casa rural,Barrio Baltezana,Castro-Urdiales,Castro-Urdiales,270000.0,1.0,6.0,550.0,0.0,,,0
Ática Inmobiliaria,piso,apartamento,Fernando de los Ríos,Santander,Santander,310000.0,0.0,3.0,93.0,6.0,1.0,1.0,0
Ática Inmobiliaria,piso,apartamento,Mortera,Piélagos,Piélagos,159000.0,0.0,2.0,50.0,0.0,1.0,0.0,0
Gestion inmobiliaria Victoria,piso,apartamento,Oriñón,Castro-Urdiales,Castro-Urdiales,195000.0,1.0,2.0,76.0,1.0,1.0,1.0,0
INMOBILIARIA INVERCASS,piso,apartamento,Centro,Castro-Urdiales,Castro-Urdiales,400000.0,0.0,4.0,154.0,5.0,1.0,1.0,0
desconocido,piso,apartamento,Santoña,Santoña,Santoña,185000.0,0.0,3.0,110.0,1.0,1.0,1.0,0
Inmobiliaria costa 7,piso,ático,Calle la Salce,Ris,Noja,178000.0,1.0,2.0,64.0,3.0,1.0,0.0,0
Engel & Völkers Santander,casa,casa independiente,Calle Santa Teresa,,Camargo,990000.0,1.0,7.0,622.0,0.0,,,0
Inmobiliaria JC de Laredo,piso,apartamento,Barrio Dueso,Barrio Dueso,Santoña,95000.0,0.0,3.0,100.0,2.0,1.0,0.0,0
Inmobiliaria JC de Laredo,piso,apartamento,Plaza San Antonio,,Santoña,85000.0,0.0,3.0,105.0,2.0,1.0,0.0,0
Inmobiliaria JC de Laredo,piso,ático,Barrio Dueso,Barrio Dueso,Santoña,60000.0,0.0,1.0,55.0,3.0,1.0,0.0,0
Bahía Home,casa,casa adosada,Calle Camus 83,Cueto,Santander,659000.0,1.0,6.0,262.0,0.0,,,0
THE SIBARIST Property & Homes Cantabria,casa,casa independiente,Barrio la Braña 1,,San Vicente de la Barquera,1975000.0,1.0,8.0,630.0,0.0,,,0
RE/MAX Vértice,casa,casa independiente,Barrio Labarces,Barrio Labarces,Valdáliga,75000.0,1.0,4.0,150.0,0.0,,,0
Gestión Inmobiliaria Val de Cella,casa,casa independiente,CA-260 42,,Miera,515000.0,0.0,6.0,400.0,0.0,,,0
Inmobiliaria JC de Laredo,casa,casa independiente,Ramales de la Victoria,,Ramales de la Victoria,185000.0,0.0,2.0,90.0,0.0,,,0
Inmosantander,piso,apartamento,CL Francisco Tomas Valiente,Peñacastillo - Nuevamontaña,Santander,249000.0,1.0,2.0,94.0,5.0,1.0,1.0,0
Inmobiliaria Eurocasa,piso,dúplex,Calle Abra del Pas,,Mogro,290000.0,1.0,3.0,51.0,1.0,1.0,0.0,0
López Alonso Inmobiliaria,piso,apartamento,Calle Antonio de la Dehesa 7,Monte,Santander,435000.0,1.0,2.0,92.0,4.0,1.0,1.0,0
Inmobiliaria uranga,casa,casa independiente,Barrio Pondrá,,Ramales de la Victoria,188500.0,1.0,5.0,292.0,0.0,,,0
Exclusivas inmobiliarias mikeli,casa,casa independiente,Avenida de Berria Primera Avenida,,Santoña,1080000.0,1.0,4.0,300.0,0.0,,,0
Exclusivas inmobiliarias mikeli,casa,casa independiente,Barrio el Puerto,,Marina de Cudeyo,495000.0,1.0,4.0,352.0,0.0,,,0
Exclusivas inmobiliarias mikeli,casa,casa independiente,Barrio el Mazo,,Meruelo,750000.0,1.0,4.0,471.0,0.0,,,0
Exclusivas inmobiliarias mikeli,casa,casa independiente,Avenida Playa San Juan de la Canal,Soto de la Marina,Santa Cruz de Bezana,825000.0,1.0,5.0,209.0,0.0,,,0
Exclusivas inmobiliarias mikeli,casa,casa independiente,Calle San Roque,,Alfoz de Lloredo,750000.0,1.0,5.0,244.0,0.0,,,0
Inmobiliaria JC de Laredo,casa,casa de piedra,Barrio Pondrá,,Ramales de la Victoria,188500.0,,5.0,292.0,0.0,,,0
Exclusivas inmobiliarias mikeli,casa,casa independiente,Camino Vial,Oruña,Piélagos,420000.0,1.0,5.0,340.0,0.0,,,0
Inmobiliaria JC de Laredo,piso,apartamento,Calle Santander 4,,Colindres,165000.0,,1.0,53.0,3.0,1.0,1.0,0
Exclusivas inmobiliarias mikeli,casa,casa independiente,Calle Herminio Fernández Caballero,Guarnizo,Camargo,435000.0,,7.0,287.0,0.0,,,0
Exclusivas inmobiliarias mikeli,casa,casa adosada,Calle la Fábrica,Galizano,Ribamontán al Mar,350000.0,1.0,2.0,109.0,0.0,,,0
Exclusivas inmobiliarias mikeli,casa,casa independiente,Avenida Playa San Juan de la Canal,Soto de la Marina,Santa Cruz de Bezana,1500000.0,1.0,7.0,372.0,0.0,,,0
Inmobiliaria JC de Laredo,piso,apartamento,Limpias,,Limpias,248000.0,1.0,3.0,90.0,0.0,1.0,1.0,0
RE/MAX Vértice,casa,casa independiente,Calle Santander,,Los Corrales de Buelna,299000.0,1.0,11.0,480.0,0.0,,,0
Inmobiliaria Mi Villa,piso,apartamento,Calle El Pelegrín,Centro,Laredo,179000.0,,3.0,93.0,4.0,1.0,0.0,0
desconocido,piso,apartamento,Barrio Gama 25 b,,Bárcena de Cicero,178000.0,1.0,2.0,74.0,2.0,1.0,1.0,0
Costa Ris,piso,ático,Bárcena de Cicero,,Bárcena de Cicero,280000.0,1.0,4.0,135.0,,,1.0,0
RE/MAX Vértice,piso,apartamento,Avenida Solvay,Inmobiliaria - Barreda,Torrelavega,89000.0,,2.0,90.0,0.0,1.0,0.0,0
Inmobiliaria JC de Laredo,casa,casa indiana,Liendo,,Liendo,1300000.0,1.0,7.0,500.0,0.0,,,0
Exclusivas inmobiliarias mikeli,casa,casa independiente,Ruiloba,,Ruiloba,2885000.0,1.0,7.0,495.0,0.0,,,0
Trece Home,piso,apartamento,Barrio los Corrales,,Beranga,142000.0,,3.0,103.0,2.0,,,0
Inmobiliaria JC de Laredo,piso,apartamento,Centro,Centro,Laredo,175000.0,,2.0,85.0,0.0,1.0,0.0,0
RE/MAX Vértice,casa,casa independiente,Diseminado Hazas Cesto 1001,,Hazas de Cesto,400000.0,1.0,4.0,814.0,0.0,,,0
desconocido,casa,casa adosada,Avenida Derechos Humanos 3,Zona Playa,Laredo,455000.0,1.0,4.0,206.0,0.0,,,0
Bahía Home,piso,estudio,Calle Justicia 2,Cuatro Caminos,Santander,138000.0,,1.0,38.0,5.0,1.0,0.0,0
Bahía Home,casa,casa adosada,Barrio El Carite 11,,Hazas de Cesto,295000.0,1.0,3.0,145.0,0.0,,,0
REMAX Olid Inmobiliaria en Valladolid,casa,casa adosada,Calle Las Casillas,El Callejo - La Pesquera - La Arenosa,Laredo,500109.0,0.0,5.0,187.0,0.0,,,0
REMAX Olid Inmobiliaria en Valladolid,casa,casa independiente,Barrio Bárcena,,Alfoz de Lloredo,650133.0,,12.0,344.0,0.0,,,0
Engel & Völkers Santander,casa,casa independiente,Calle de Navajeda,Sancibrián,Santa Cruz de Bezana,1585000.0,1.0,6.0,1562.0,0.0,,,0
Inmobiliaria Mi Villa,casa,casa de piedra,Rasines,,Rasines,135000.0,1.0,4.0,436.0,0.0,,,0
Inmobiliaria Mi Villa,casa,casa adosada,Ampuero,,Ampuero,176000.0,0.0,5.0,150.0,0.0,,,0
Inmobiliaria Mi Villa,piso,apartamento,Calle Doctor Antonio Ruiz Ruiz,,Ampuero,120000.0,1.0,3.0,80.0,1.0,1.0,0.0,0
Inmobiliaria Mi Villa,piso,apartamento,Calle Emperador Carlos V,,Ampuero,140000.0,,3.0,100.0,3.0,,0.0,0
Fincas Mafer,piso,dúplex,Calle Menéndez Pelayo 44,Centro,Laredo,353000.0,,3.0,100.0,3.0,1.0,1.0,0
Inmobiliaria Mi Villa,piso,apartamento,Avenida de Francia,Zona Playa,Laredo,245000.0,,2.0,70.0,0.0,1.0,0.0,0
Inmobiliaria Mi Villa,piso,estudio,Avenida de la Libertad,El Puntal,Laredo,85000.0,,3.0,50.0,0.0,1.0,1.0,0
Inmobiliaria Barrio,piso,apartamento,Calle Pintor Varela 29,Inmobiliaria - Barreda,Torrelavega,110000.0,,2.0,51.0,1.0,1.0,0.0,0
Inmobiliaria Barrio,piso,apartamento,Calle Serapio Beade 9,,Suances,180000.0,1.0,2.0,65.0,4.0,1.0,1.0,0
Inmobiliaria Mi Villa,casa,casa adosada,Barrio Balbacienta,,Guriezo,130000.0,,3.0,288.0,0.0,,,0
Bahía Home,casa,casa independiente,Calle Ernest Lluch 36,Monte,Santander,775000.0,1.0,6.0,343.0,0.0,,,0
eXp Realty España,casa,casa independiente,Barrio San Mateo,,Los Corrales de Buelna,675000.0,1.0,4.0,646.0,0.0,,,0
Inmobiliaria Mi Villa,piso,ático,Calle Menéndez Pelayo,Centro,Laredo,600000.0,1.0,3.0,150.0,4.0,1.0,0.0,0
Inmobiliaria Mi Villa,casa,casa adosada,Calle Hermandad Donantes de Sangre,El Puntal,Laredo,605000.0,1.0,4.0,300.0,0.0,,,0
altamira21.com,casa,casa rural,Barrio Rioseco 4,,Guriezo,1300000.0,1.0,6.0,1750.0,0.0,,,0
Inmobiliaria JC de Laredo,piso,apartamento,Centro,Centro,Laredo,600000.0,,3.0,150.0,4.0,1.0,1.0,0
Inmobiliaria Mi Villa,casa,casa independiente,Barrio El Hacha,El Callejo - La Pesquera - La Arenosa,Laredo,299900.0,,4.0,260.0,0.0,,,0
Inmobiliaria Mi Villa,casa,casa independiente,Barrio La Arenosa,El Callejo - La Pesquera - La Arenosa,Laredo,460000.0,1.0,6.0,295.0,0.0,,,0
Inmobiliaria Mi Villa,casa,casa de piedra,Barrio los Valles,,Ramales de la Victoria,180000.0,,1.0,450.0,0.0,,,0
Inmobiliaria Mi Villa,piso,dúplex,Calle Merenillo,Centro,Laredo,180000.0,,2.0,72.0,2.0,1.0,0.0,0
Inmobiliaria Mi Villa,casa,casa independiente,Barrio la Pesquera,El Callejo - La Pesquera - La Arenosa,Laredo,590000.0,1.0,3.0,212.0,0.0,,,0
RE/MAX Vértice,casa,casa independiente,Calle Rebollar,,Igollo (Camargo),625000.0,1.0,5.0,294.0,0.0,,,0
Inmobiliaria Mi Villa,casa,casa independiente,Barrio La Arenosa,El Callejo - La Pesquera - La Arenosa,Laredo,299000.0,,4.0,295.0,0.0,,,0
Inmobiliaria Mi Villa,piso,dúplex,Calle Emperador,Centro,Laredo,299000.0,,3.0,115.0,3.0,1.0,1.0,0
Inmobiliaria JC de Laredo,casa,casa independiente,El Callejo - La Pesquera - La Arenosa,,Laredo,299000.0,,4.0,265.0,0.0,,,0
Inmobiliaria Mi Villa,piso,estudio,Avenida Derechos Humanos,Carlos V,Laredo,98000.0,,0.0,25.0,0.0,1.0,1.0,0
Inmobiliaria JC de Laredo,piso,apartamento,Voto,,Voto,168000.0,,2.0,82.0,2.0,1.0,1.0,0
Inmobiliaria Eurocasa,piso,apartamento,Calle Eulogio Fernández Barros,,Camargo,184000.0,0.0,3.0,89.0,1.0,1.0,1.0,0
Inmobiliaria uranga,casa,casa independiente,Barrio la Somadilla,,Voto,1175000.0,0.0,5.0,450.0,0.0,,,0
López Alonso Inmobiliaria,piso,apartamento,Avenida Francisco Giner de los Ríos,,San Vicente de la Barquera,210000.0,0.0,1.0,55.0,1.0,1.0,1.0,0
Fincas Mafer,piso,apartamento,Travesía los Derechos Humanos 13,Carlos V,Laredo,190000.0,0.0,2.0,54.0,0.0,1.0,0.0,0
Inmobiliaria trauko,casa,casa adosada,Barrio Balbacienta,,Guriezo,285000.0,1.0,4.0,200.0,0.0,,,0
knock,casa,casa adosada,Barrio Arnuero 1,,Arnuero,280000.0,1.0,3.0,155.0,0.0,,,0
desconocido,casa,casa independiente,Escobedo,,Camargo,320000.0,1.0,4.0,482.0,0.0,,,0
desconocido,casa,casa adosada,Calle Ría de Solía,,El Astillero,379000.0,1.0,3.0,194.0,0.0,,,0
desconocido,casa,casa independiente,Barrio Valledal,,Val de San Vicente,345000.0,0.0,4.0,333.0,0.0,,,0
Inmosantander,casa,casa adosada,CL Pielagos,,Suances,270000.0,0.0,5.0,180.0,0.0,,,0
Reines Grupo Inmobiliario Santander,piso,ático,Calle José Ortega y Gasset 35,Peñacastillo - Nuevamontaña,Santander,367000.0,1.0,2.0,113.0,5.0,1.0,1.0,0
Espazio Inmobiliario,casa,casa independiente,Valdaliga,,Valdáliga,200000.0,0.0,1.0,453.0,0.0,,,0
desconocido,casa,casa adosada,Barrio la Pelia,,Ribamontán al Monte,191000.0,0.0,3.0,218.0,0.0,,,0
Inmobiliaria Eurocasa,piso,apartamento,Avenida Pérez Galdós,El Sardinero,Santander,1175000.0,1.0,3.0,139.0,6.0,1.0,1.0,0
InmoLYDIAria,casa,casa adosada,Barrio Rioseco 29 a,,Guriezo,263000.0,1.0,4.0,114.0,0.0,,,0
Inmobiliaria Mi Villa,casa,casa independiente,Barrio Agüeras,,Beranga,340000.0,1.0,5.0,163.0,0.0,,,0
Inmobiliaria Barrio,casa,chalét,Calle Fuente Vieda 906,,Miengo,380000.0,1.0,3.0,354.0,0.0,,,0
InmoLYDIAria,piso,apartamento,Barrio Brazomar 54,Brazomar,Castro-Urdiales,220000.0,1.0,2.0,68.0,2.0,1.0,1.0,0
Inmobiliaria Barrio,piso,apartamento,Calle San José 17,Centro,Torrelavega,129500.0,0.0,2.0,84.0,2.0,1.0,0.0,0
FLAT INMOBILIARIA,piso,apartamento,Calle el Hoyo 5,Playa Ostende,Castro-Urdiales,295000.0,1.0,3.0,93.0,1.0,1.0,1.0,0
wejaus,piso,apartamento,Calle Marcelino Sanz de Sautuola 14,Puerto Chico,Santander,546000.0,0.0,4.0,127.0,1.0,1.0,1.0,0
Inmosantander,piso,apartamento,Ps General Dávila,General Dávila,Santander,175000.0,0.0,3.0,63.0,0.0,1.0,1.0,0
InmoLYDIAria,piso,ático,Calle Santa Ana 3,Playa Ostende,Castro-Urdiales,336000.0,1.0,3.0,127.0,3.0,1.0,1.0,0
Inmobiliaria JC de Laredo,casa,casa adosada,Centro,,Laredo,450000.0,0.0,4.0,131.0,0.0,,,0
ASJ Inmobiliaria,piso,apartamento,CL Ruamayor,Centro - Ayuntamiento,Santander,349000.0,0.0,4.0,132.0,6.0,1.0,1.0,0
Inmobiliaria Mi Villa,piso,apartamento,Calle Gutiérrez Rada,Centro,Laredo,175000.0,0.0,2.0,89.0,0.0,1.0,0.0,0
Inmobiliaria Barrio,casa,chalét,Barrio Bustillo 1,,Cartes,470000.0,1.0,3.0,511.0,0.0,,,0
FLAT INMOBILIARIA,casa,casa adosada,Barrio Laiseca 162,Sámano,Castro-Urdiales,405000.0,1.0,4.0,210.0,0.0,,,0
INMOBILIARIA COSTA BELLA,casa,casa adosada,Barrio Cerecedas,,Argoños,335000.0,1.0,4.0,209.0,0.0,,,0
INMOBILIARIA COSTA BELLA,piso,apartamento,Calle Sor María del Carmen,,Santoña,145000.0,1.0,1.0,45.0,1.0,1.0,1.0,0
López Alonso Inmobiliaria,piso,apartamento,Calle Jaime del Amo,,Suances,285000.0,1.0,3.0,104.0,3.0,1.0,1.0,0
VIVANTIAL,casa,casa adosada,Calle San Lorenzo,Covadonga - Campuzano - Ciudad Vergel,Torrelavega,164000.0,0.0,4.0,128.0,0.0,,,0
Inmobiliaria Sebrango,casa,casa independiente,Avenida José María de Pereda 38,Sancibrián,Santa Cruz de Bezana,540000.0,1.0,6.0,737.0,0.0,,,0
Inmobiliaria Parque,casa,casa adosada,Calle la Mies,,Ampuero,319000.0,1.0,4.0,224.0,0.0,,,0
Inmobiliaria Sebrango,casa,casa adosada,Barrio el Puente 17,Oruña,Piélagos,390000.0,1.0,3.0,207.0,0.0,,,0
Inmobiliaria Sebrango,piso,apartamento,Calle San Fernando 22,Numancia - San Fernando,Santander,315000.0,0.0,2.0,83.0,1.0,1.0,1.0,0
Inmobiliaria Sebrango,casa,casa independiente,Calle Río Arriba 315,Tanos,Torrelavega,580000.0,1.0,4.0,360.0,0.0,,,0
Inmobiliaria Sebrango,piso,dúplex,Calle Fuente Vieda 15,,Miengo,270000.0,1.0,3.0,91.0,1.0,1.0,0.0,0
Inmobiliaria Suances,piso,dúplex,CL Serapio Beade 9,,Suances,199000.0,1.0,2.0,69.0,2.0,1.0,1.0,0
Inmobiliaria Sebrango,piso,apartamento,Paseo General Dávila - Grupo San Francisco 294,General Dávila,Santander,220000.0,0.0,3.0,90.0,3.0,1.0,0.0,0
Inmobiliaria Sebrango,casa,casa adosada,Calle Francisco de Cáceres 2,Valdenoja,Santander,1300000.0,1.0,4.0,415.0,0.0,,,0
Opportunity & Deal,piso,apartamento,Calle Igareda,,Cabezón de la Sal,139000.0,0.0,5.0,160.0,2.0,1.0,0.0,0
Engel & Völkers Santander,casa,casa independiente,Barrio la Barquería,,Marina de Cudeyo,2500000.0,1.0,8.0,378.0,0.0,,,0
Engel & Völkers Santander,casa,casa independiente,Carretera Ongayo,,Suances,790000.0,1.0,4.0,365.0,0.0,,,0
Fuennova,casa,casa adosada,Calle Padre Antonio 24,,San Vicente de la Barquera,208000.0,0.0,4.0,228.0,0.0,,,0
Inmobiliaria uranga,piso,apartamento,Avenida Derechos Humanos,Zona Playa,Laredo,98000.0,0.0,1.0,25.0,0.0,1.0,0.0,0
Rusticas Singulares,casa,palacio,Bo. Liaño s/n,,Villaescusa,950000.0,1.0,5.0,371.0,0.0,,,0
Rusticas Singulares,casa,torre,Ds. Roiz s/n,,Valdáliga,2200000.0,1.0,7.0,500.0,0.0,,,0
Espazio Inmobiliario,piso,apartamento,Calle Carlos Haya 11,Castilla - Hermida,Santander,299000.0,0.0,3.0,81.0,7.0,1.0,1.0,0
Engel & Völkers Santander,casa,casa independiente,Calle Torrelavega,,Suances,1300000.0,0.0,8.0,318.0,0.0,,,0
San Martín Consultores Inmobiliarios,casa,casa independiente,Barrio Pomar 7,,Alfoz de Lloredo,575000.0,0.0,5.0,350.0,0.0,,,0
Gestión inmobiliaria Victoria,piso,apartamento,Barrio Brazomar,Brazomar,Castro-Urdiales,299000.0,0.0,2.0,65.0,0.0,1.0,1.0,0
Inmobiliaria uranga,piso,apartamento,Avenida de la Libertad,Zona Playa,Laredo,140000.0,0.0,1.0,42.0,0.0,1.0,0.0,0
particular,piso,apartamento,Calle Rosalía de Castro 25,Peñacastillo - Nuevamontaña,Santander,250000.0,1.0,2.0,104.0,2.0,1.0,1.0,0
Inmobiliarias.com,casa,casa adosada,Rioseco,,Guriezo,263000.0,,4.0,125.0,0.0,,,0
Inmobiliaria Mi Villa,casa,casa adosada,Avenida Derechos Humanos,Zona Playa,Laredo,412000.0,1.0,4.0,200.0,0.0,,,0
Inmobiliaria Mi Villa,casa,casa independiente,Barrio Llueva-Arriba,,Voto,372000.0,1.0,4.0,250.0,0.0,,,0
Inmobiliaria Mi Villa,piso,apartamento,Barrio la Somadilla,,Voto,60000.0,,1.0,60.0,0.0,1.0,0.0,0
Inmobiliaria Mi Villa,piso,apartamento,Calle Adal Treto,,Bárcena de Cicero,170000.0,1.0,3.0,108.0,1.0,1.0,0.0,0
Inmobiliaria Mi Villa,piso,apartamento,Calle República de Costa Rica,Zona Playa,Laredo,220000.0,,2.0,60.0,9.0,1.0,1.0,0
ORDUNTE Inmobiliaria,casa,casa adosada,Calle Paco Labiano,Playa Ostende,Castro-Urdiales,590000.0,1.0,3.0,250.0,0.0,,,0
Trece Home,piso,apartamento,Calle Palacio,Palacio,Noja,263000.0,1.0,2.0,80.0,2.0,1.0,1.0,0
RE/MAX Vértice,piso,apartamento,Calle Carral,,Suances,219900.0,1.0,2.0,53.0,0.0,1.0,1.0,0
REMAX Olid Inmobiliaria en Valladolid,piso,apartamento,Calle Río,,Santillana del Mar,143961.0,1.0,2.0,45.0,1.0,1.0,0.0,0
REMAX Olid Inmobiliaria en Valladolid,piso,apartamento,Calle Serafín Escalante,Centro,Torrelavega,225135.0,,2.0,105.0,3.0,1.0,1.0,0
Inmobiliarias.com,casa,casa rural,Balbacienta,,Guriezo,130000.0,,3.0,288.0,0.0,,,0
REMAX Olid Inmobiliaria en Valladolid,piso,apartamento,Calle Amador de los Ríos,El Parque - Zapatón,Torrelavega,145079.0,,3.0,89.0,1.0,1.0,0.0,0
Exclusivas inmobiliarias mikeli,casa,casa independiente,Calle Requejada,,Polanco,540000.0,1.0,11.0,473.0,0.0,,,0
Inmobiliaria JC de Laredo,piso,dúplex,Calle Merenillo,Centro,Laredo,180000.0,,2.0,80.0,2.0,1.0,0.0,0
Trece Home,piso,apartamento,Calle la Braña,El Sardinero,Santander,650000.0,1.0,2.0,75.0,,,1.0,0
Inmobiliaria Mi Villa,casa,casa independiente,Barrio San Pedro,,Arnuero,450000.0,,6.0,267.0,0.0,,,0
Inmobiliaria Eurocasa,piso,apartamento,Calle Enrique Gran,General Dávila,Santander,170000.0,,3.0,65.0,2.0,1.0,0.0,0
Inmobiliaria Mi Villa,piso,apartamento,Barrio la Peña,,Bárcena de Cicero,176000.0,1.0,2.0,82.0,2.0,1.0,1.0,0
Inmobiliaria Mi Villa,piso,apartamento,Barrio la Somadilla,,Voto,139000.0,1.0,1.0,60.0,3.0,1.0,1.0,0
Inmobiliaria Eurocasa,piso,apartamento,Paseo Menéndez Pelayo,Puerto Chico,Santander,550000.0,1.0,3.0,68.0,2.0,1.0,0.0,0
altamira21.com,casa,casa independiente,Calle Barrio La,Parbayón,Piélagos,639000.0,1.0,4.0,377.0,0.0,,,0
Inmobiliaria Mi Villa,casa,casa independiente,Calle del Progreso,,Ampuero,590000.0,1.0,10.0,805.0,0.0,,,0
Inmobiliaria Mi Villa,casa,casa independiente,Travesía de el Cantón,,Limpias,400000.0,1.0,3.0,200.0,0.0,,,0
Inmobiliaria JC de Laredo,casa,casa adosada,Ampuero,,Ampuero,233500.0,1.0,3.0,113.0,0.0,,,0
Exclusivas inmobiliarias mikeli,casa,casa independiente,Avenida Conde de Albox,,Limpias,599000.0,,20.0,1213.0,0.0,,,0
Bahía Home,casa,casa adosada,Barrio la Puntania 45,,Mortera,329000.0,1.0,3.0,204.0,0.0,,,0
Inmobiliaria Mi Villa,casa,casa independiente,Barrio Pondrá,,Ramales de la Victoria,195000.0,1.0,5.0,292.0,0.0,,,0
Inmobiliaria Mi Villa,casa,casa independiente,Plaza Campo de las Ferias,,Colindres,350000.0,1.0,4.0,300.0,0.0,,,0
Inmobiliaria Mi Villa,piso,apartamento,Calle la Bolera,,Bárcena de Cicero,195000.0,1.0,2.0,82.0,3.0,1.0,1.0,0
López Alonso Inmobiliaria,piso,apartamento,Calle Valladolid,General Dávila,Santander,178000.0,1.0,2.0,68.0,1.0,1.0,0.0,0
Inmobiliaria Mi Villa,piso,apartamento,Calle el Carmen,,Colindres,228000.0,1.0,3.0,100.0,3.0,1.0,1.0,0
Inmobiliaria Mi Villa,piso,apartamento,Barrio la Quintana,,Ramales de la Victoria,149900.0,1.0,2.0,54.0,1.0,1.0,1.0,0
Inmobiliaria Mi Villa,piso,ático,Avenida Primera Avenida,,Santoña,659000.0,1.0,5.0,200.0,,,,0
Inmobiliaria Mi Villa,piso,apartamento,Calle la Quinta,,Colindres,199900.0,,2.0,87.0,1.0,1.0,1.0,0
Inmobiliaria Mi Villa,piso,apartamento,Barrio los Corrales,,Beranga,142000.0,1.0,3.0,97.0,2.0,1.0,0.0,0
Inmobiliaria Mi Villa,casa,casa adosada,Calle M Ruiz Arenado,,Ampuero,206000.0,1.0,2.0,70.0,0.0,,,0
Exclusivas inmobiliarias mikeli,casa,casa independiente,Barrio la Arnía,Liencres,Piélagos,875000.0,1.0,6.0,308.0,0.0,,,0
ACERO Inmobiliaria,casa,casa independiente,Pozo barrio el,Boo,Piélagos,470000.0,1.0,4.0,263.0,0.0,,,0
Engel & Völkers Santander,casa,casa independiente,Barrio el Pino,Liencres,Piélagos,975000.0,0.0,5.0,486.0,0.0,,,0
ACERO Inmobiliaria,piso,apartamento,Urbanización Rìa del Pas,Boo,Piélagos,190000.0,0.0,2.0,70.0,1.0,1.0,1.0,0
THE SIBARIST Property & Homes Cantabria,casa,casa independiente,Liencres,,Piélagos,1700000.0,1.0,4.0,220.0,0.0,,,0
altamira21.com,casa,casa independiente,Barrio las Cerreas,Liencres,Piélagos,950000.0,1.0,5.0,351.0,0.0,,,0
Exclusivas inmobiliarias mikeli,casa,casa independiente,Calle de la Arnia,Soto de la Marina,Santa Cruz de Bezana,1290000.0,1.0,5.0,439.0,0.0,,,0
Exclusivas inmobiliarias mikeli,casa,casa independiente,Calle los Calderones,Soto de la Marina,Santa Cruz de Bezana,1080000.0,1.0,4.0,449.0,0.0,,,0
Exclusivas inmobiliarias mikeli,piso,apartamento,Barrio Rodil,Mortera,Piélagos,180000.0,0.0,1.0,49.0,0.0,1.0,0.0,0
Inmosantander,casa,casa adosada,Urbanización Virgen del Mar,Soto de la Marina,Santa Cruz de Bezana,545000.0,1.0,4.0,275.0,0.0,,,0
Inmosantander,casa,casa independiente,Av Fernando Saiz,Soto de la Marina,Santa Cruz de Bezana,590000.0,1.0,5.0,148.0,0.0,,,0
Ática Inmobiliaria,casa,casa adosada,Barrio la Puntania,Mortera,Piélagos,499000.0,1.0,5.0,248.0,0.0,,,0
Inmobiliaria PAS-NuevoPiso,casa,casa independiente,CA-303,Mortera,Piélagos,470000.0,1.0,4.0,360.0,0.0,,,0
Inmobiliaria Eurocasa,casa,casa independiente,Liencres,,Piélagos,600000.0,1.0,3.0,104.0,0.0,,,0
Inmobiliaria las Dunas,piso,apartamento,Barrio Rodil,Mortera,Piélagos,159000.0,0.0,2.0,50.0,0.0,1.0,0.0,0
Inmobiliaria las Dunas,casa,casa independiente,La Tejera,Boo,Piélagos,670000.0,1.0,5.0,400.0,0.0,,,0
MENA INMOBILIARIA,piso,apartamento,Bezana,,Santa Cruz de Bezana,299000.0,1.0,3.0,95.0,1.0,1.0,1.0,0
Distrito inmobiliario,casa,casa adosada,Barrio el Callejo,Liencres,Piélagos,354000.0,1.0,4.0,170.0,0.0,,,0
Ática Inmobiliaria,piso,apartamento,Barrio Rodil,Mortera,Piélagos,159000.0,0.0,2.0,50.0,0.0,1.0,0.0,0
Exclusivas inmobiliarias mikeli,casa,chalét,Avenida Playa San Juan de la Canal,Soto de la Marina,Santa Cruz de Bezana,825000.0,1.0,5.0,209.0,0.0,,,0
Exclusivas inmobiliarias mikeli,casa,chalét,Avenida Playa San Juan de la Canal,Soto de la Marina,Santa Cruz de Bezana,1500000.0,1.0,7.0,372.0,0.0,,,0
Engel & Völkers Santander,casa,casa independiente,Calle de Navajeda,Sancibrián,Santa Cruz de Bezana,1585000.0,1.0,6.0,1562.0,0.0,,,0
Bahía Home,casa,casa adosada,Barrio la Puntania 45,Mortera,Piélagos,329000.0,1.0,3.0,204.0,0.0,,,0
Engel & Völkers Santander,casa,casa independiente,Calle Murillo,Soto de la Marina,Santa Cruz de Bezana,1350000.0,1.0,7.0,613.0,0.0,,,0
Inmobiliaria Sebrango,casa,casa independiente,Avenida José María de Pereda 38,Sancibrián,Santa Cruz de Bezana,540000.0,1.0,6.0,737.0,0.0,,,0
Inmobiliaria Barrio,piso,apartamento,Barrio las Reigadas,Liencres,Piélagos,249000.0,1.0,2.0,83.0,2.0,,1.0,0
Engel & Völkers Santander,casa,casa independiente,Camino Mortera a Liencres,Liencres,Piélagos,2350000.0,1.0,6.0,651.0,0.0,,,0
Engel & Völkers Santander,casa,casa independiente,Barrio Sorriba,Liencres,Piélagos,1575000.0,0.0,5.0,600.0,0.0,,,0
particular,piso,apartamento,Urbanización la Gruta 7,Sancibrián,Santa Cruz de Bezana,280000.0,1.0,2.0,75.0,0.0,1.0,1.0,0
ACERO Inmobiliaria,casa,casa independiente,Av Mompia,Mompia,Santa Cruz de Bezana,720000.0,1.0,4.0,319.0,0.0,,,0
Inmobiliaria Barrio,piso,dúplex,Bezana,,Santa Cruz de Bezana,290000.0,1.0,3.0,88.0,2.0,1.0,0.0,0
FRESNO GESTION Y VENTA,casa,casa adosada,Barrio Somacueto,Liencres,Piélagos,354000.0,0.0,4.0,142.0,0.0,,,0
particular,casa,casa adosada,Avenida José María de Pereda,Sancibrián,Santa Cruz de Bezana,385000.0,0.0,5.0,320.0,0.0,,,0
Distrito inmobiliario,casa,casa independiente,Avenida José María de Pereda,Sancibrián,Santa Cruz de Bezana,690000.0,1.0,6.0,265.0,0.0,,,0
Mónica Soto Servicios Inmobiliarios,piso,apartamento,Calle Respuela 2,Bezana,Santa Cruz de Bezana,195000.0,1.0,2.0,85.0,3.0,1.0,1.0,0
ACERO Inmobiliaria,casa,casa rural,Avenida José María de Pereda,Sancibrián,Santa Cruz de Bezana,690000.0,1.0,7.0,265.0,0.0,,,0
ComisiónZero,piso,apartamento,Barrio el Callejo,Liencres,Piélagos,210000.0,1.0,1.0,45.0,0.0,1.0,0.0,0
particular,piso,apartamento,Calle s Cruz-San Juan 7,Bezana,Santa Cruz de Bezana,260000.0,1.0,2.0,82.0,1.0,1.0,1.0,0
Distrito inmobiliario,piso,apartamento,Barrio la Cruz,Liencres,Piélagos,350000.0,0.0,4.0,125.0,0.0,1.0,0.0,0
Distrito inmobiliario,casa,casa independiente,La Calleja,Soto de la Marina,Santa Cruz de Bezana,280000.0,0.0,3.0,199.0,0.0,,,0
ELITE,casa,casa independiente,Barrio Portio,Liencres,Piélagos,965000.0,1.0,4.0,380.0,0.0,,,0
Grupo Inmobiliario Tribeca,piso,apartamento,Calle Barrio El Pozo de la Torre 1 Distrito Mortera 1,Mortera,Piélagos,340000.0,1.0,3.0,71.0,0.0,1.0,1.0,0
Reines Grupo Inmobiliario Santander,piso,apartamento,CL Respuela 4,Bezana,Santa Cruz de Bezana,169000.0,0.0,2.0,68.0,4.0,1.0,1.0,0
wejaus,casa,casa independiente,Barrio la Cotera 1,Liencres,Piélagos,695000.0,1.0,7.0,664.0,0.0,,,0
López Alonso Inmobiliaria,casa,casa independiente,Urbanización Ladera Sur,Mompia,Santa Cruz de Bezana,895000.0,1.0,5.0,374.0,0.0,,,0
Pereda 36,casa,casa independiente,Av San Juan de la Canal 85,Soto de la Marina,Santa Cruz de Bezana,1950000.0,1.0,5.0,290.0,0.0,,,0
eXp Realty España,piso,ático,Urbanización las Huertas,Sancibrián,Santa Cruz de Bezana,325000.0,1.0,2.0,107.0,4.0,1.0,1.0,0
particular,casa,casa adosada,parcela b19,Boo,Piélagos,449900.0,1.0,4.0,208.0,0.0,,,0
particular,casa,casa independiente,Avenida José María de Pereda,Soto de la Marina,Santa Cruz de Bezana,590000.0,1.0,5.0,308.0,0.0,,,0
particular,casa,casa adosada,Barrio la Caseta,Liencres,Piélagos,595000.0,1.0,3.0,208.0,0.0,,,0
DCS inmuebles,casa,casa independiente,Urbanización el Padrón 1,Sancibrián,Santa Cruz de Bezana,985000.0,1.0,7.0,270.0,0.0,,,0
particular,casa,casa independiente,Calle la Llata,Sancibrián,Santa Cruz de Bezana,1580000.0,0.0,6.0,1343.0,0.0,,,0
Abitarea,casa,casa de pueblo,CL Llata (la),Sancibrián,Santa Cruz de Bezana,380000.0,0.0,4.0,280.0,0.0,,,0
Inmobiliarias San Fernando,piso,apartamento,Barrio Salas,Liencres,Piélagos,163000.0,0.0,1.0,45.0,0.0,1.0,1.0,0
particular,piso,apartamento,Barrio de la Cruz s/n,Liencres,Piélagos,350000.0,0.0,4.0,124.0,0.0,1.0,0.0,0
particular,piso,apartamento,Barrio de la Cruz s/n,Liencres,Piélagos,180000.0,0.0,2.0,62.0,0.0,1.0,0.0,0
TECNIOBRAS VINTAGE S.L.,casa,casa independiente,Av San Juan de la Canal 85,Soto de la Marina,Santa Cruz de Bezana,650000.0,1.0,5.0,350.0,0.0,,,0
TECNIOBRAS VINTAGE S.L.,casa,casa adosada,Urb. Cierro de la Sara s/n,Boo,Piélagos,415000.0,1.0,4.0,189.0,0.0,,,0
ALFAPLAYAS,casa,casa independiente,La Calleja,Soto de la Marina,Santa Cruz de Bezana,280000.0,0.0,3.0,199.0,0.0,,,0
compracasa-online,casa,casa independiente,Barrio el Dueso,Liencres,Piélagos,630000.0,1.0,4.0,288.0,0.0,,,0
particular,piso,apartamento,Soto de la Marina,,Santa Cruz de Bezana,350000.0,1.0,2.0,81.0,0.0,1.0,1.0,0
Tempo Family Real Estate,casa,casa independiente,Avenida Mompía,Mompia,Santa Cruz de Bezana,720000.0,1.0,4.0,320.0,0.0,,,0
Grupo Inmobiliario Alesón,casa,casa adosada,Barrio Somacueto 4a,Liencres,Piélagos,354000.0,1.0,4.0,202.0,0.0,,,0
4 Llaves Inmobiliaria,casa,casa independiente,Calle el Sartal,Mortera,Piélagos,692000.0,1.0,4.0,220.0,0.0,,,0
Nara Grupo Inmobiliario,casa,casa independiente,Barrio la Caseta,Liencres,Piélagos,1670000.0,1.0,4.0,620.0,0.0,,,0
Northome Cantabria,casa,casa independiente,Avenida s Cibrian,Sancibrián,Santa Cruz de Bezana,690000.0,0.0,6.0,265.0,0.0,,,0
particular,piso,apartamento,Barrio la Piñera 5,Boo,Piélagos,200000.0,0.0,3.0,164.0,,,,0
particular,casa,casa independiente,Bo Llatas 1010,Liencres,Piélagos,649000.0,1.0,3.0,201.0,0.0,,,0
Grupo Inmobiliario Tribeca,casa,casa adosada,Urbanización Arco Iris,Bezana,Santa Cruz de Bezana,530000.0,1.0,6.0,276.0,0.0,,,0
Grupo Inmobiliario Tribeca,casa,finca rústica,Camino Mortera a Liencres,Mortera,Piélagos,1900000.0,1.0,12.0,574.0,0.0,,,1
TECNOCASA,casa,casa independiente,Barrio Manzanedo,Liencres,Piélagos,1700000.0,1.0,6.0,600.0,0.0,,,0
Inmobiliaria Castelar,casa,casa independiente,Boo,,Piélagos,1550000.0,0.0,9.0,750.0,0.0,,,0
Look & Find Santander,casa,casa independiente,Avenida Menéndez Pelayo,Bezana,Santa Cruz de Bezana,1800000.0,1.0,10.0,500.0,0.0,,,0
Reines Grupo Inmobiliario,casa,casa independiente,Calle la Gesa 6,Bezana,Santa Cruz de Bezana,349000.0,0.0,4.0,212.0,0.0,,,0
Grupo Inmobiliario Tribeca,piso,apartamento,Boo,,Piélagos,210000.0,1.0,2.0,69.0,0.0,1.0,0.0,0
particular,piso,apartamento,Calle Murillo 1,Soto de la Marina,Santa Cruz de Bezana,400000.0,1.0,3.0,90.0,1.0,1.0,1.0,0
Deluxe,piso,dúplex,Liencres,,Piélagos,369000.0,1.0,2.0,120.0,2.0,1.0,0.0,0
Grupo Inmobiliario Tribeca,casa,casa independiente,Bezana,,Santa Cruz de Bezana,500000.0,1.0,4.0,216.0,0.0,,,0
ACERO Inmobiliaria,casa,casa de pueblo,Jose Maria Pereda,Sancibrián,Santa Cruz de Bezana,250000.0,0.0,6.0,318.0,0.0,,,0
Marma,casa,casa independiente,Boo,,Piélagos,530000.0,1.0,5.0,225.0,0.0,,,0
particular,piso,apartamento,Calle Ramón Ramírez,Bezana,Santa Cruz de Bezana,263300.0,1.0,4.0,93.0,4.0,0.0,0.0,0
particular,piso,apartamento,Calle Respuela 2,Bezana,Santa Cruz de Bezana,200000.0,1.0,3.0,90.0,3.0,1.0,1.0,0
particular,casa,casa independiente,Avenida Menéndez Pelayo 11,Bezana,Santa Cruz de Bezana,450000.0,1.0,5.0,400.0,0.0,,,0
particular,casa,casa adosada,Barrio la Puntania,Mortera,Piélagos,385000.0,1.0,6.0,222.0,0.0,,,0
particular,casa,casa independiente,Barrio San José,Boo,Piélagos,530000.0,1.0,4.0,225.0,0.0,,,0
particular,casa,casa independiente,Avenida Marqués de Valdecilla,Soto de la Marina,Santa Cruz de Bezana,650000.0,1.0,7.0,510.0,0.0,,,0
particular,piso,dúplex,Barrio Salas,Liencres,Piélagos,290000.0,1.0,3.0,104.0,1.0,1.0,0.0,0
Lovia Homes S.L.,piso,apartamento,Avenida de la Libertad,Mompia,Santa Cruz de Bezana,166700.0,1.0,3.0,83.0,,,1.0,0
Lovia Homes S.L.,piso,apartamento,Calle Respuela,Bezana,Santa Cruz de Bezana,135930.0,1.0,2.0,70.0,,,1.0,0
Lovia Homes S.L.,piso,apartamento,Calle Ramón Ramírez,Bezana,Santa Cruz de Bezana,263691.0,1.0,4.0,102.0,,,1.0,0
Lovia Homes S.L.,piso,apartamento,Calle Respuela,Bezana,Santa Cruz de Bezana,123500.0,0.0,2.0,66.0,,,1.0,0
Lovia Homes S.L.,piso,apartamento,Calle Respuela,Bezana,Santa Cruz de Bezana,122000.0,0.0,1.0,63.0,,,0.0,0
particular,piso,apartamento,Marina Sport 5,Soto de la Marina,Santa Cruz de Bezana,260000.0,0.0,2.0,76.0,0.0,1.0,1.0,0
particular,casa,casa adosada,Avenida José María de Pereda 12,Bezana,Santa Cruz de Bezana,530000.0,1.0,6.0,276.0,0.0,,,0
Lovia Homes S.L.,piso,apartamento,Calle Respuela,Bezana,Santa Cruz de Bezana,122000.0,0.0,1.0,63.0,,,0.0,0
particular,piso,dúplex,Bo Pozo (el) 1,Boo,Piélagos,360000.0,1.0,3.0,182.0,1.0,1.0,0.0,0
Grupo Inmobiliario Tribeca,casa,casa independiente,Calle de la Arnia,Soto de la Marina,Santa Cruz de Bezana,280000.0,0.0,3.0,199.0,0.0,,,0
particular,casa,casa adosada,Urbanización la Roca,Sancibrián,Santa Cruz de Bezana,525000.0,1.0,4.0,432.0,0.0,,,0
particular,casa,casa independiente,Calle de Navajeda,Sancibrián,Santa Cruz de Bezana,1500000.0,1.0,6.0,1562.0,0.0,,,0
particular,piso,apartamento,Barrio la Cruz,Liencres,Piélagos,235000.0,0.0,4.0,125.0,0.0,1.0,0.0,0
particular,piso,apartamento,Barrio San José 2,Boo,Piélagos,250000.0,1.0,2.0,80.0,0.0,1.0,0.0,0
particular,casa,casa adosada,Barrio la Piñera 16,Boo,Piélagos,295000.0,1.0,4.0,180.0,0.0,,,0
Altamira,casa,casa independiente,Sancibrián,,Santa Cruz de Bezana,428500.0,0.0,1.0,505.0,0.0,,,0
particular,piso,dúplex,Barrio la Iglesia s/n,Liencres,Piélagos,340000.0,1.0,3.0,118.0,2.0,1.0,1.0,0
particular,casa,casa independiente,Bezana 1,Bezana,Santa Cruz de Bezana,850000.0,1.0,8.0,1050.0,0.0,,,0
particular,casa,casa independiente,Calle de Borrancho,Soto de la Marina,Santa Cruz de Bezana,495000.0,1.0,5.0,150.0,0.0,,,0
particular,piso,apartamento,respuela 4,Bezana,Santa Cruz de Bezana,200000.0,1.0,3.0,90.0,3.0,1.0,1.0,0
