titulo;municipio;zona;precio_mensual_eur;habitaciones;superficie_m2;planta;exterior;ascensor;garaje_incluido;garaje_opcional;temporada;lujo;vistas_mar;amueblado;observaciones;tipo_inmueble_piso;subtipo_casa adosada;subtipo_casa de pueblo;subtipo_casa independiente;subtipo_casa pareada;subtipo_casa rural;subtipo_caserón;subtipo_dúplex;subtipo_estudio;subtipo_ático;es_vacacional_verano
Piso en los Pinares;Santander;Los Castros;850;3;63;1.0;1.0;1.0;0;0;1;0;0;;curso escolar 2026-27 reformado;True;False;False;False;False;False;False;False;False;False;0
Piso Calleja Norte;Santander;El Sardinero;1400;3;107;3.0;1.0;1.0;1;0;0;0;1;;terraza vistas mar urbanización privada;True;False;False;False;False;False;False;False;False;False;0
Piso República de Colombia;Laredo;Zona Playa;600;1;58;9.0;1.0;1.0;0;0;0;0;0;1.0;larga temporada terraza;True;False;False;False;False;False;False;False;False;False;0
Barrio de la Molina;Comillas;;5000;6;392;;;;1;0;1;1;0;;parcela 804 m2;False;False;False;True;False;False;False;False;False;False;0
Espíritu Santo;Laredo;Centro;900;0;37;2.0;0.0;0.0;0;0;1;0;0;;vacacional sin ascensor;True;False;False;False;False;False;False;False;True;False;0
Polanco;Polanco;;1750;4;150;;;;1;0;1;0;0;;temporal estudiantes;False;False;False;False;True;False;False;False;False;False;0
Puerto Chico;Santander;Puerto Chico;575;1;50;4.0;;;0;0;0;0;0;;estado bueno;True;False;False;False;False;False;False;False;False;True;0
Luis Buñuel;Santander;Peñacastillo;1300;3;150;;;;1;0;0;0;0;;fianza + seguro impago;False;False;False;False;True;False;False;False;False;False;0
San Andrés;Castro-Urdiales;Cotolino;625;1;47;1.0;1.0;1.0;0;0;0;0;0;;cerca playa brazomar;True;False;False;False;False;False;False;False;False;False;0
Cuatro Caminos;Santander;Cuatro Caminos;800;2;90;2.0;1.0;0.0;0;0;0;0;0;;sin ascensor;True;False;False;False;False;False;False;False;False;False;0
Calle el Recial;Santander;Valdenoja;1100;3;115;2.0;1.0;1.0;1;0;0;0;0;;reformado trastero;True;False;False;False;False;False;False;False;False;False;0
Floranes;Santander;Numancia-San Fernando;850;2;67;4.0;1.0;1.0;0;0;0;0;0;;max 2 personas;True;False;False;False;False;False;False;False;False;False;0
Ruiz Zorrilla;Santander;Castilla-Hermida;850;3;115;1.0;1.0;1.0;0;0;0;0;0;;alquiler fijo;True;False;False;False;False;False;False;False;False;False;0
Magallanes;Santander;Numancia-San Fernando;870;2;65;2.0;1.0;1.0;0;0;0;0;0;;nan;True;False;False;False;False;False;False;False;False;False;0
Barrio Aguilera;Piélagos;Parbayón;2300;3;252;;;;1;0;1;0;0;;parcela 5000 m2;False;False;False;True;False;False;False;False;False;False;0
Amos de Escalante;Santander;Centro-Ayuntamiento;950;2;80;7.0;1.0;1.0;0;0;0;0;0;;nan;True;False;False;False;False;False;False;True;False;False;0
Francisco Palazuelos;Santander;General Dávila;3000;3;75;0.0;1.0;0.0;0;0;1;1;0;;quincenas julio-agosto;True;False;False;False;False;False;False;False;False;False;1
Paseo Menéndez Pelayo;Santander;Puerto Chico;850;1;50;2.0;1.0;1.0;1;0;0;0;0;;apartamento;True;False;False;False;False;False;False;False;False;False;0
Calle de la Ronda;Castro-Urdiales;Centro;1100;3;90;4.0;1.0;1.0;1;0;1;0;0;;hasta junio;True;False;False;False;False;False;False;False;False;False;0
Calle Bonifaz;Santander;Puerto Chico;800;1;55;5.0;1.0;1.0;0;0;0;0;0;;nan;True;False;False;False;False;False;False;False;False;False;0
Avenida de Bilbao;Camargo;Muriedas;750;2;60;2.0;1.0;1.0;1;0;0;0;0;;nan;True;False;False;False;False;False;False;False;False;False;0
José Simón Cabarga;Santander;El Sardinero;1100;2;80;5.0;1.0;1.0;0;1;0;0;0;;garaje opcional 100€;True;False;False;False;False;False;False;False;False;False;0
Bo Liandres;Ruiloba;;6000;5;450;;;;1;0;1;1;1;;no agosto parcial;False;False;False;True;False;False;False;False;False;False;1
Barrio Sangazo;Castro-Urdiales;Sámano;1200;3;215;;;;1;0;0;0;0;;nan;False;False;False;True;False;False;False;False;False;False;0
Calle Burgos;Santander;Numancia-San Fernando;650;1;45;5.0;1.0;0.0;0;0;0;0;0;;sin ascensor;True;False;False;False;False;False;False;False;False;True;0
Villa de Foz;Laredo;Centro;3500;4;160;6.0;1.0;1.0;0;0;1;1;1;;agosto 3000 quincena;True;False;False;False;False;False;False;False;False;False;1
Derechos Humanos;Laredo;El Puntal;3500;3;225;;;;1;0;1;1;0;;vacacional;False;True;False;False;False;False;False;False;False;False;0
Avenida Libertad;Laredo;El Puntal;1360;0;40;1.0;1.0;1.0;0;0;1;0;0;;nan;True;False;False;False;False;False;False;False;True;False;0
Bareyo;Bareyo;Güemes;1200;5;210;;;;1;0;0;0;0;;fijo anual;False;False;False;True;False;False;False;False;False;False;0
Santoña;Santoña;;750;3;100;3.0;1.0;0.0;1;0;0;0;0;;nan;True;False;False;False;False;False;False;False;False;False;0
Rosalía de Castro 13;Santander;Peñacastillo-Nuevamontaña;1200;3;90;4.0;1.0;1.0;1;0;0;0;0;;obra nueva a estrenar edificio copérnico alquiler fijo posible amueblado;True;False;False;False;False;False;False;False;False;False;0
Paseo General Dávila-Grupo San Francisco 6;Santander;Los Castros;800;2;57;0.0;1.0;0.0;0;0;0;0;0;1.0;bajo con entrada independiente amueblado pide solvencia/aval;True;False;False;False;False;False;False;False;False;False;0
Fernández de Isla 5;Santander;Centro-Ayuntamiento;1000;4;100;4.0;1.0;0.0;0;0;0;0;0;;sin ascensor 4 dormitorios;True;False;False;False;False;False;False;False;False;False;0
Calle de la Arnia;Santa Cruz de Bezana;Soto de la Marina;900;2;55;0.0;1.0;0.0;1;0;1;0;0;;no fijo temporal estudio/trabajo;True;False;False;False;False;False;False;False;False;False;0
Lavapiés;Santander;Alisal-Cazoña-San Román;1065;3;120;1.0;1.0;1.0;0;0;1;0;0;;hasta junio 2026 alquiler temporal;True;False;False;False;False;False;False;False;False;False;0
Ría de Solía;El Astillero;;800;2;80;0.0;1.0;1.0;0;0;0;0;0;;bajo con ascensor no mascotas;True;False;False;False;False;False;False;False;False;False;0
Gravina;Santander;Centro-Ayuntamiento;975;2;91;2.0;1.0;0.0;0;0;0;0;0;;piso vacío junto biblioteca;True;False;False;False;False;False;False;False;False;False;0
Barrio Rubárcena 15D;Comillas;;900;2;70;;;;0;0;1;0;0;;casa diseño nueva alquiler temporada terraza 6m2;False;False;False;True;False;False;False;False;False;False;0
Churruca;El Astillero;;760;2;54;3.0;1.0;0.0;0;0;0;0;0;;larga duración sin ascensor;True;False;False;False;False;False;False;False;False;False;0
Ernest Lluch;Santander;La Pereda-Valdenoja;1400;2;91;1.0;1.0;1.0;1;0;1;1;0;;alquiler temporada sep 2026-jun 2027 lujo;True;False;False;False;False;False;False;False;False;False;0
Juan Guerrero Urreisti 17;Santander;Peñacastillo-Nuevamontaña;650;1;35;2.0;1.0;0.0;0;0;0;0;0;;apartamento reformado sin ascensor;True;False;False;False;False;False;False;False;False;False;0
Avenida de los Castros;Santander;Los Castros;840;3;80;4.0;1.0;1.0;0;0;0;0;0;;larga estancia cerca universidades valdecilla;True;False;False;False;False;False;False;False;False;False;0
Pedro del Camino Mijarazo 22;Ajo;;700;2;80;2.0;1.0;1.0;1;0;0;0;0;;alquiler anual terraza garaje cerrado;True;False;False;False;False;False;False;False;False;False;0
Cuesta del Hospital;Santander;Centro-Ayuntamiento;1500;3;73;4.0;1.0;0.0;0;0;0;0;0;;tecnocasa sin ascensor;True;False;False;False;False;False;False;False;False;False;0
Miguel de Unamuno;Santander;Los Castros;1100;3;109;2.0;1.0;1.0;0;0;0;0;0;;descripción no incluida en el texto;True;False;False;False;False;False;False;False;False;False;0
Miguel Hernández;El Astillero;;850;2;75;8.0;1.0;1.0;0;0;0;0;0;;tres terrazas cocina equipada;True;False;False;False;False;False;False;False;False;True;0
Avenida del Deporte;Santander;Alisal-Cazoña-San Román;1500;5;105;4.0;1.0;0.0;0;0;1;0;0;;temporal consultar periodos 3 baños reformado;True;False;False;False;False;False;False;False;False;False;0
Siervas de Jesús;Castro-Urdiales;Playa Ostende;925;3;107;2.0;1.0;1.0;1;0;0;0;0;;larga estancia fianza+garantía no mascotas;True;False;False;False;False;False;False;False;False;False;0
Alcalde Vega Lamera 5;Santander;El Sardinero;1500;2;80;2.0;1.0;1.0;0;0;1;0;0;;temporada reformado integral urbanización jardín;True;False;False;False;False;False;False;False;False;False;0
Avenida Manuel García Lago;Santander;El Sardinero;3500;3;143;5.0;1.0;1.0;1;0;0;1;1;1.0;fijo actualmente amueblado primera línea vistas al mar;True;False;False;False;False;False;False;False;False;False;0
Ataulfo Argenta 56;Santander;Puerto Chico;1000;1;50;5.0;1.0;1.0;0;0;0;0;0;;alquiler fijo centro;True;False;False;False;False;False;False;False;False;True;0
Avenida de Valdecilla;Santander;Cuatro Caminos;1500;3;161;;;;1;0;0;0;0;;chalet con jardín en ciudad;False;False;False;False;True;False;False;False;False;False;0
Ernest Lluch 5a;Santander;La Pereda-Valdenoja;980;1;70;6.0;1.0;1.0;1;0;0;0;0;1.0;rebajado 1050->980 semi amueblado disponible 15 feb;True;False;False;False;False;False;False;False;False;True;0
León Felipe 8;Santander;Puerto Chico;950;1;60;4.0;1.0;1.0;1;0;0;0;0;;rebajado 1000->950 apartamento con garaje;True;False;False;False;False;False;False;False;False;False;0
Avenida Juan de Herrera;Santa Cruz de Bezana;Maoño;4500;5;514;;;;1;0;0;1;0;;lujo parcela >3000m2 piscina/barbacoa;False;False;False;True;False;False;False;False;False;False;0
Blas Cabrera;Santander;Los Castros;870;3;100;3.0;1.0;1.0;0;0;1;0;0;;temporal sep-jun frente universidades;True;False;False;False;False;False;False;False;False;False;0
Alcalde Vega Lamera 5 (2);Santander;El Sardinero;3000;2;80;2.0;1.0;1.0;0;0;1;1;0;;temporada lujo (mismo portal que id 49 distinto precio);True;False;False;False;False;False;False;False;False;False;0
Isaac Peral;Suances;;2700;3;112;2.0;1.0;0.0;1;0;1;0;0;;temporal precios por mes (texto menciona 2025);True;False;False;False;False;False;False;False;False;True;0
Calle San Pedro;Limpias;;1200;3;158;;;;0;0;0;0;0;;chalet individual urbanización privada;False;False;False;True;False;False;False;False;False;False;0
El Mansín 21;Santander;Cueto-Valdenoja-La Pereda;1500;3;136;1.0;1.0;1.0;1;0;0;0;0;;sin mobiliario terraza piscina pádel disponible fijo abril;True;False;False;False;False;False;False;False;False;False;0
Silvestre Ochoa;Castro-Urdiales;Playa Ostende;850;1;61;0.5;1.0;1.0;1;0;0;0;1;;primera línea de playa solo funcionarios;True;False;False;False;False;False;False;False;False;False;0
Melitón Pérez del Camino 5;Castro-Urdiales;Centro;750;1;49;3.0;1.0;0.0;0;0;0;0;0;;solo funcionarios no fumadores sin mascotas loft reformado;True;False;False;False;False;False;False;False;False;False;0
Paseo Menéndez Pelayo;Brazomar (Castro-Urdiales);Brazomar;1100;3;100;2.0;1.0;1.0;1;0;0;0;0;;larga estancia requisitos seguro ingresos >=3300;True;False;False;False;False;False;False;False;False;False;0
Barrio de Santullán 47C;Castro-Urdiales;Mioño-Santullán;1100;3;160;;;;1;0;0;0;0;;adosado con jardín terraza piscina comunitaria no mascotas;False;True;False;False;False;False;False;False;False;False;0
Avenida Reina Victoria 47;Santander;Puerto Chico;950;1;75;5.0;1.0;1.0;0;0;0;0;0;;reformado altas calidades disponible fijo;True;False;False;False;False;False;False;False;False;False;0
Calle Vargas;Santander;Numancia-San Fernando;850;2;101;2.0;1.0;0.0;0;0;0;0;0;;recién reformado sin ascensor;True;False;False;False;False;False;False;False;False;False;0
Paseo de Altamira;Santander;General Dávila;1200;1;65;2.0;1.0;0.0;1;0;0;0;0;;fijo terraza orientación sur garaje en edificio;True;False;False;False;False;False;False;False;False;False;0
Marqués del Arco;Santander;Centro-Ayuntamiento;1850;3;182;6.0;1.0;1.0;0;0;0;0;0;;piso alta calidad muy amplio;True;False;False;False;False;False;False;False;False;False;0
Avenida Maura;Santander;El Sardinero;975;3;80;1.0;1.0;1.0;1;0;1;0;0;;temporal curso 2026-27 no fijo;True;False;False;False;False;False;False;False;False;False;0
Camilo Alonso Vega;Santander;Cuatro Caminos;1400;4;170;5.0;1.0;1.0;0;0;0;0;0;;larga duración actualizado 2 vestidores;True;False;False;False;False;False;False;False;False;False;0
Fernando de los Ríos;Santander;Los Castros;675;2;50;2.0;1.0;1.0;0;0;1;0;0;1.0;temporal curso 2026-27 amueblado;True;False;False;False;False;False;False;False;False;False;0
Padre Ignacio Ellacuría;Laredo;Carlos V;4500;4;130;1.0;1.0;1.0;1;0;1;1;0;;temporada julio/agosto lujo;True;False;False;False;False;False;False;False;False;False;1
Virgen del Carmen;Santoña;;900;3;95;3.0;1.0;1.0;1;0;1;0;0;;temporal septiembre-junio;True;False;False;False;False;False;False;False;False;False;0
Barrio Rada 70;Voto;;1400;4;190;;;;0;0;0;0;0;;larga temporada;False;False;False;True;False;False;False;False;False;False;0
Cataluña 4;Los Corrales de Buelna;;650;2;71;0.0;1.0;0.0;0;0;0;0;0;;bajo a estrenar;True;False;False;False;False;False;False;False;False;False;0
José Felipe Quijano 6;Torrelavega;Centro;580;1;45;3.0;1.0;0.0;0;0;0;0;0;;apartamento/estudio centro;True;False;False;False;False;False;False;False;False;False;0
República de Colombia (quincena julio);Laredo;Zona Playa;2200;2;65;14.0;1.0;1.0;0;0;1;0;0;;temporada quincenas julio;True;False;False;False;False;False;False;False;False;False;1
República de Colombia (apto 47m2);Laredo;Zona Playa;3200;1;47;7.0;1.0;1.0;1;0;0;0;0;;apartamento cerca playa garaje incluido (temporal implícito);True;False;False;False;False;False;False;False;False;False;0
Lope de Vega 18;Santander;Puerto Chico;1300;3;113;4.0;1.0;1.0;0;0;0;0;0;;centro cerca paseo pereda;True;False;False;False;False;False;False;False;False;False;0
República de Colombia (apto 60m2);Laredo;Zona Playa;3300;2;60;5.0;1.0;1.0;0;0;1;1;0;;temporada lujo apartamento reformado;True;False;False;False;False;False;False;False;False;False;0
Avenida de la Libertad 1;Laredo;El Puntal;1700;3;75;3.0;1.0;1.0;0;0;1;0;1;;verano quincenas rebaja 1900->1700 vistas mar;True;False;False;False;False;False;False;False;False;False;1
Avenida de la Libertad 80;Laredo;El Puntal;1100;1;50;2.0;1.0;1.0;0;0;1;0;0;;verano quincenas rebaja 1200->1100;True;False;False;False;False;False;False;False;False;False;1
Maximino Basoa Ojeda 4;Laredo;Centro;1400;2;48;3.0;;0.0;0;0;1;0;0;1.0;verano reformado amueblado sin ascensor;True;False;False;False;False;False;False;False;False;False;1
Centro (julio completo);Laredo;Centro/El Puntal?;3300;2;80;3.0;;1.0;1;0;1;0;0;;julio 3300 agosto 3800 (temporal);True;False;False;False;False;False;False;False;False;False;1
Zona Playa (larga duración);Laredo;Zona Playa;650;1;35;2.0;;1.0;0;0;0;0;0;;primera línea playa larga duración solvencia;True;False;False;False;False;False;False;False;True;False;0
Menéndez Pelayo 7;Laredo;Centro;2200;4;184;4.0;1.0;1.0;0;0;1;0;0;;verano quincenas;True;False;False;False;False;False;False;False;False;False;1
Doctor Senderos 11;Laredo;Carlos V;7000;4;221;;;;1;0;1;1;1;;verano julio 7000 vistas mar lujo primera línea;False;False;False;True;False;False;False;False;False;False;1
Av. Derechos Humanos 58;Laredo;El Puntal;2800;4;155;;;;1;0;1;0;0;;verano quincenas;False;False;False;True;False;False;False;False;False;False;1
Avenida de Francia 122b;Laredo;El Puntal;3800;3;70;4.0;1.0;1.0;0;0;1;1;1;;verano primera línea vistas mar lujo;True;False;False;False;False;False;False;False;False;False;1
Avenida de Francia 99;Laredo;El Puntal;2500;3;120;8.0;;1.0;0;0;1;0;0;;temporal junio y septiembre vistas mar;True;False;False;False;False;False;False;False;False;False;0
San Lorenzo 9;Laredo;Centro;1200;2;70;1.0;;0.0;0;0;1;0;0;;verano quincenas sin ascensor;True;False;False;False;False;False;False;False;False;False;1
Centro (larga duración);Laredo;Centro;1100;3;100;2.0;;1.0;0;0;0;0;0;;larga duración solvencia;True;False;False;False;False;False;False;False;False;False;0
Lealtad 20;Santander;Centro-Ayuntamiento;1600;4;122;7.0;1.0;1.0;0;0;0;0;0;;a estrenar / reformado (ojo posible duplicado con otro lealtad 20);True;False;False;False;False;False;False;False;False;False;0
Zona Playa (invierno hasta junio);Laredo;Zona Playa;650;2;60;15.0;;1.0;0;0;1;0;0;;temporada invierno hasta junio terraza;True;False;False;False;False;False;False;False;False;False;0
Zona Playa (enero-mayo);Laredo;Zona Playa;680;1;30;16.0;;1.0;1;0;1;0;0;;temporal enero-mayo gran terraza 30m2;True;False;False;False;False;False;False;False;False;True;0
Poblado Adal 78a;Barcena de Cicero;Treto;1500;3;396;;;;1;0;1;0;0;;temporal vistas bahía;False;False;False;True;False;False;False;False;False;False;0
Ría de Solía;El Astillero;;1200;4;180;;;;1;0;0;0;0;;adosado con jardín 37m2;False;True;False;False;False;False;False;False;False;False;0
Bajada de la Encina;Santander;Los Castros;1200;2;70;;;1.0;0;0;1;0;0;1.0;spotahome gastos incluidos (agua luz gas wifi) amueblado;True;False;False;False;False;False;False;False;False;False;0
República de Colombia 18;Laredo;Zona Playa;1300;2;60;13.0;1.0;1.0;0;0;1;0;0;;verano quincenas apartamento reformado;True;False;False;False;False;False;False;False;False;False;1
Voto (chalet con piscina);Voto;;2500;3;140;;;;1;0;1;0;0;;quincenas piscina reformado;False;False;False;True;False;False;False;False;False;False;1
Espíritu Santo 10;Laredo;Centro;900;1;50;1.0;1.0;0.0;0;0;1;0;0;;verano quincenas sin ascensor;True;False;False;False;False;False;False;False;False;False;1
Enrique Mowinkel 41;Laredo;Zona Playa;1100;1;51;3.0;;1.0;0;0;1;0;1;;verano quincenas vistas mar;True;False;False;False;False;False;False;False;False;False;1
Menéndez Pelayo 29;Laredo;Centro;3300;2;74;2.0;1.0;1.0;0;0;1;1;0;;temporal lujo (ojo: precio parece incoherente con “2ª quincena 1650”);True;False;False;False;False;False;False;False;False;False;1
Diseminado Laredo 1002;Laredo;El Puntal;1800;2;67;5.0;;1.0;0;0;1;0;1;;verano quincenas vistas mar primera línea;True;False;False;False;False;False;False;False;False;False;1
San Pantaleón de Areas Voto 83;Voto;;2200;4;333;;;;1;0;0;0;0;;casa entorno natural;False;False;False;True;False;False;False;False;False;False;0
Gándara 14;Santander;Puerto Chico;1000;2;77;1.0;1.0;1.0;0;0;0;0;0;1.0;reformado y amueblado;True;False;False;False;False;False;False;False;False;False;0
San Lorenzo 12;Laredo;Centro;1500;3;85;;1.0;0.0;0;0;1;0;0;;verano sin ascensor;True;False;False;False;False;False;False;False;False;False;1
Lealtad (Engel & Völkers);Santander;Centro-Ayuntamiento;1600;4;122;7.0;1.0;1.0;0;0;0;0;0;;mismo inmueble probable que lealtad 20 (duplicado por agencia);True;False;False;False;False;False;False;False;False;False;0
Mompía;Santa Cruz de Bezana;Mompía;2000;3;330;;;;1;0;0;0;0;;chalet con terreno buen acceso autovía;False;False;False;True;False;False;False;False;False;False;0
Avenida de Pontejos;Santander;Los Castros;1200;2;89;8.0;1.0;1.0;1;0;0;0;1;;fijo piso vacío vistas mar;True;False;False;False;False;False;False;False;False;False;0
Calle las Marzas;Santander;General Dávila;850;2;77;1.0;1.0;1.0;0;0;0;0;0;;fijo personal sanitario o desplazado por trabajo;True;False;False;False;False;False;False;False;False;False;0
Ruiz Zorrilla (temporal);Santander;Castilla-Hermida;900;3;93;6.0;;1.0;0;0;1;0;0;;temporal hasta 30/06/2026 o curso 26-27;True;False;False;False;False;False;False;False;False;False;0
Fernando de los Ríos (verano);Santander;Los Castros;2000;2;71;4.0;1.0;1.0;0;0;1;0;0;;temporal verano;True;False;False;False;False;False;False;False;False;False;1
Fernández Rañada 16;Solares;;750;3;115;0.0;1.0;1.0;1;0;1;0;0;;temporal bajo con jardín ~300m2 rebaja 800->750;True;False;False;False;False;False;False;False;False;False;0
El Nogalón 10;Molledo;;1200;3;82;;;;1;0;0;0;0;1.0;alquiler fijo equipado;False;False;False;False;True;False;False;False;False;False;0
Herrera Oria 23 (residencia);Santander;Alisal-Cazoña-San Román;849;0;25;3.0;1.0;1.0;0;0;1;0;0;;residencia estudiantes alojamiento temporal;True;False;False;False;False;False;False;False;True;False;0
Avenida de los Castros (EC Inmobiliaria);Santander;Los Castros;850;3;91;0.0;1.0;0.0;0;0;1;0;0;;temporal escolar hasta junio 2027;True;False;False;False;False;False;False;False;False;False;0
Rucabao 9;Santa María de Cayón;Sarón;625;2;75;1.0;1.0;0.0;1;0;0;0;0;;fijo incluye garaje+trastero (texto dice sin ascensor pero también “edificio con ascensor”: inconsistencia);True;False;False;False;False;False;False;False;False;False;0
Juan de Garay 4 (loft);Santander;Numancia-San Fernando;900;1;50;0.0;1.0;0.0;0;0;0;0;0;;local reconvertido techos altos reformado 2024 (texto menciona 60m2: inconsistencia con 50m2);True;False;False;False;False;False;False;False;True;False;0
Paseo de la Estación 4;Solares;;600;1;57;;1.0;0.0;0;0;0;0;0;1.0;amueblado terraza 18m2 (ojo: ficha dice bajo);True;False;False;False;False;False;False;False;False;True;0
Cuatro Caminos (147m2);Santander;Cuatro Caminos;850;3;147;8.0;1.0;1.0;0;0;0;0;0;;exclusivo personal sanitario cerca valdecilla;True;False;False;False;False;False;False;False;False;False;0
Avenida Alisas 13;Solares;;575;1;48;1.0;1.0;0.0;0;0;0;0;0;1.0;texto dice que dispone de ascensor pero cabecera dice sin ascensor -> ascensor=null recomendado;True;False;False;False;False;False;False;False;False;False;0
Calle Honduras;Santander;Los Castros;1150;3;118;6.0;1.0;1.0;1;0;0;0;0;;2 hab + sala convertible a 3ª orientación sur;True;False;False;False;False;False;False;False;False;False;0
Avenida Enrique Mowinkel (dúplex julio);Laredo;Zona Playa;3300;2;75;5.0;1.0;1.0;0;0;1;1;1;;solo julio mes segunda línea vistas mar lujo;True;False;False;False;False;False;False;False;False;False;1
Barrio Entrambasaguas 86;Entrambasaguas;;790;2;104;0.0;1.0;1.0;1;0;0;0;0;1.0;bajo con terraza >30m2 amueblado salvo 2ª hab;True;False;False;False;False;False;False;False;False;False;0
Paseo de Altamira (78m2);Santander;General Dávila;1000;2;78;4.0;1.0;1.0;0;0;0;0;0;;nan;True;False;False;False;False;False;False;False;False;False;0
Calle Valdenoja (hasta 30/06/2026);Santander;Valdenoja;900;2;78;1.0;1.0;1.0;0;0;1;0;0;1.0;temporal hasta 30 junio 2026 rebaja 1000->900;True;False;False;False;False;False;False;False;False;False;0
Fernández Rañada 3;Solares;;650;2;73;3.0;1.0;1.0;0;0;0;0;0;;incluye despacho no mascotas condiciones: fianza+mes+seguro;True;False;False;False;False;False;False;False;False;False;0
Zona Playa (quincenas julio bajas);Laredo;Zona Playa;1600;1;65;3.0;;1.0;0;0;1;0;1;;precio no comparable: indica quincenas (deberías normalizar a €/día o €/quincena);True;False;False;False;False;False;False;False;False;False;1
Padre Ignacio Ellacuría 14;Laredo;Centro;2250;2;80;2.0;;1.0;0;0;1;0;1;;temporal 1ª quincena agosto;True;False;False;False;False;False;False;False;False;False;1
Acacio Gutiérrez 138 (hasta junio);Suances;;1500;3;128;4.0;1.0;0.0;1;0;1;0;1;;temporal hasta junio primera línea mar;True;False;False;False;False;False;False;False;False;True;0
Acacio Gutiérrez 138 (sin marcar temporal);Suances;;2000;3;128;4.0;1.0;0.0;1;0;0;0;1;;mismo inmueble probable que id 132 con precio distinto (duplicado);True;False;False;False;False;False;False;False;False;True;0
Miralmar;Santander;General Dávila;850;3;78;1.0;1.0;0.0;0;0;0;0;0;;rebaja 950->850 sin ascensor;True;False;False;False;False;False;False;False;False;False;0
Barrio Rivas;Guarnizo;;1200;3;110;;;;1;0;0;0;0;;semi-amueblado;False;False;False;False;True;False;False;False;False;False;0
José Simón Cabarga 4b;Santander;Los Castros;940;3;88;7.0;1.0;1.0;1;0;0;0;1;;larga estancia vistas mar;True;False;False;False;False;False;False;False;False;False;0
Paseo Canalejas;Santander;Puerto Chico;850;2;70;2.0;1.0;0.0;0;0;0;0;0;;sin amueblar sin ascensor;True;False;False;False;False;False;False;False;False;False;0
Av Menéndez Pelayo (Muriedas);Camargo;Muriedas;900;3;81;3.0;1.0;1.0;0;0;0;0;0;1.0;amueblado;True;False;False;False;False;False;False;False;False;False;0
Joaquín Costa (urbanización privada);Santander;El Sardinero;900;2;60;1.0;1.0;0.0;0;0;0;0;0;1.0;aparcamiento urbanización;True;False;False;False;False;False;False;False;False;False;0
Marqués de Valdecilla (Soto);Santa Cruz de Bezana;Soto de la Marina;900;2;80;2.0;1.0;1.0;1;0;0;0;0;1.0;amueblado;True;False;False;False;False;False;False;False;False;False;0
Pinares (temporal julio);Santander;Los Castros;2650;3;63;3.0;1.0;0.0;0;0;1;0;0;1.0;temporal desde 3 julio precio vacacional (no comparable €/mes);True;False;False;False;False;False;False;False;False;False;1
Juan Garay 4 (loft 65m2);Santander;Numancia-San Fernando;950;1;65;0.0;1.0;0.0;0;0;0;0;0;;parece el mismo que id 120 pero con datos distintos (duplicado probable);True;False;False;False;False;False;False;False;True;False;0
Valdenoja 39;Santander;Valdenoja;1300;3;108;5.0;1.0;1.0;1;0;0;0;1;1.0;rebaja 1500->1300 amueblado vistas mar;True;False;False;False;False;False;False;False;False;False;0
Miguel Delibes 4 (Suances);Suances;;6500;3;80;1.0;1.0;1.0;1;0;1;1;0;;temporal lujo cerca playa (precio vacacional);True;False;False;False;False;False;False;False;False;False;0
La Calleja 32 (Soto);Santa Cruz de Bezana;Soto de la Marina;900;3;125;3.0;1.0;1.0;1;0;1;0;0;;temporal hasta junio 2026 ático con terraza;True;False;False;False;False;False;False;False;False;True;0
Calle del Monte;Santander;Centro-Ayuntamiento;1070;1;50;2.0;1.0;0.0;0;0;0;0;0;;fijo sin muebles (salvo cocina);True;False;False;False;False;False;False;False;False;False;0
Avenida de Valdecilla 1;Santander;Cuatro Caminos;1200;3;111;1.0;1.0;1.0;0;1;0;0;0;;solo sanitario/funcionarios garaje opcional 100€;True;False;False;False;False;False;False;False;False;False;0
Francisco Tomás y Valiente;Santander;Peñacastillo-Nuevamontaña;1200;3;110;1.0;1.0;1.0;1;0;0;0;0;;nan;True;False;False;False;False;False;False;False;False;False;0
Bo Puente (Oruña);Piélagos;Oruña;750;3;121;1.0;1.0;0.0;1;0;0;0;0;;rebaja 800->750 sin ascensor;True;False;False;False;False;False;False;True;False;False;0
Avenida Reina Victoria (Arrenda);Santander;Puerto Chico;900;2;75;3.0;1.0;1.0;0;0;0;0;0;1.0;amueblado reformado;True;False;False;False;False;False;False;False;False;False;0
Calle de la Arnia (ACERO);Santa Cruz de Bezana;Soto de la Marina;900;1;60;0.5;1.0;0.0;0;0;0;0;0;1.0;amueblado baño reformado trastero;True;False;False;False;False;False;False;False;False;False;0
Isla del Castro (Soto);Santa Cruz de Bezana;Soto de la Marina;1500;3;120;3.0;1.0;1.0;1;0;1;0;0;;temporal obra nueva alto standing;True;False;False;False;False;False;False;False;False;False;0
Avenida Reina Victoria (nuevo 2 hab);Santander;Puerto Chico;1300;2;89;1.0;1.0;1.0;0;0;0;0;1;;obra nueva sin amueblar vistas bahía;True;False;False;False;False;False;False;False;False;False;0
Avenida de los Castros 39;Santander;Los Castros;900;1;58;2.0;1.0;1.0;1;0;0;0;0;;con garaje (ojo: “sardinero” en texto pero zona los castros);True;False;False;False;False;False;False;False;False;False;0
Calle Guevara;Santander;Centro-Ayuntamiento;1400;4;117;5.0;1.0;1.0;0;0;1;0;0;;temporal centro junto paraninfo;True;False;False;False;False;False;False;False;False;False;0
Urbanización Portonovo (Soto);Santa Cruz de Bezana;Soto de la Marina;900;2;72;1.0;1.0;1.0;1;0;0;0;0;1.0;amueblado;True;False;False;False;False;False;False;False;False;True;0
República de Costa Rica (Laredo);Laredo;Zona Playa;750;2;78;4.0;1.0;0.0;1;0;0;0;0;;larga estancia vivienda habitual disponible 1 marzo;True;False;False;False;False;False;False;False;False;False;0
Paseo de Altamira 11 (hasta junio);Santander;General Dávila;850;2;86;2.0;1.0;1.0;1;0;1;0;1;1.0;temporal hasta junio vistas bahía rebaja 950->850;True;False;False;False;False;False;False;False;False;False;0
Virgen Paloma (Inmosantander);Santander;Numancia-San Fernando;800;3;79;4.0;1.0;0.0;0;0;0;0;0;;semi-amueblado sin ascensor;True;False;False;False;False;False;False;False;False;False;0
Paseo Canalejas (Eurocasa);Santander;Puerto Chico;1500;3;101;2.0;1.0;1.0;0;0;0;0;0;;reformado;True;False;False;False;False;False;False;False;False;False;0
Menéndez Pelayo 2 (Inmob. Montaña);Santander;Puerto Chico;1500;3;113;3.0;1.0;1.0;0;0;0;0;0;;fijo diseño reformado eficiencia alta;True;False;False;False;False;False;False;False;False;False;0
República de Guatemala (Laredo);Laredo;Zona Playa;2000;2;80;5.0;1.0;1.0;0;0;1;0;1;;temporal verano 2026 vistas mar;True;False;False;False;False;False;False;False;False;False;1
Pérez Galdós (Inmosantander);Santander;El Sardinero;1975;3;160;3.0;1.0;1.0;1;0;0;0;0;;urbanización privada conserje jardines;True;False;False;False;False;False;False;False;False;False;0
Barrio la Cotera;Villaescusa;;2200;5;300;;;;1;0;0;0;0;;villa finca 1700m2 piscina;False;False;False;True;False;False;False;False;False;False;0
Bo Arriba 28;Valderredible;;2800;4;268;;;;1;0;1;0;0;;temporal casa rural;False;False;False;False;False;False;True;False;False;False;0
Castilla-Hermida (Valdecilla);Santander;Castilla-Hermida;850;2;89;1.0;1.0;1.0;0;0;0;0;0;;exclusivo personal valdecilla rebaja 930->850;True;False;False;False;False;False;False;False;False;False;0
Peñas Redondas;Santander;Numancia-San Fernando;750;3;59;5.0;1.0;0.0;0;0;1;0;0;;temporal sep-jun sin ascensor;True;False;False;False;False;False;False;False;False;False;0
Industria 58;El Astillero;;590;1;49;4.0;1.0;1.0;0;0;0;0;0;1.0;fijo ático amueblado terraza;True;False;False;False;False;False;False;False;False;True;0
General Dávila (Habita);Santander;General Dávila;900;2;70;5.0;1.0;1.0;0;0;1;0;0;;temporal urbanización privada vistas bahía;True;False;False;False;False;False;False;False;False;True;0
Avenida de Francia (Laredo);Laredo;El Puntal;600;0;30;10.0;1.0;1.0;0;0;0;0;0;;fijo loft reformado 2ª línea playa;True;False;False;False;False;False;False;False;True;False;0
Monte la Torre (Monte);Santander;Monte;1350;2;64;2.0;1.0;1.0;0;0;1;0;0;;temporal por días/semanas/meses -> no comparable €/mes;True;False;False;False;False;False;False;False;False;False;0
Calle Vargas (PAS);Santander;Numancia-San Fernando;950;3;70;12.0;1.0;1.0;0;0;0;0;0;;seguro impago;True;False;False;False;False;False;False;False;False;False;0
Allendelagua 17;Castro-Urdiales;Oriñón-Allendagua;1200;3;140;;;;0;0;1;0;1;;temporal casa piedra vistas mar;False;False;False;True;False;False;False;False;False;False;0
Ruiz Zorrilla (Habita);Santander;Castilla-Hermida;700;2;72;5.0;1.0;1.0;0;0;1;0;0;;temporal;True;False;False;False;False;False;False;False;False;False;0
Diseminado Cos 5;Mazcuerras;;2500;6;1430;;;;0;0;0;0;0;;opción compra (no es alquiler estándar) superficie parcela enorme;False;False;False;False;False;True;False;False;False;False;0
CL Quevia;Maliaño (Camargo);Camargo;1000;3;151;;;;0;0;0;0;0;;reformado;False;True;False;False;False;False;False;False;False;False;0
Calle la Mies;Barcena de Cicero;;650;2;95;0.0;1.0;0.0;1;0;0;0;0;;bajo 95 m2 útiles;True;False;False;False;False;False;False;False;False;False;0
Calle Cotero (Las Dunas);Santa Cruz de Bezana;Soto de la Marina;1600;4;180;;;;1;0;1;0;0;;temporal hasta junio 2026 parcela ~400m2;False;False;False;True;False;False;False;False;False;False;0
Centro (Activa Norte);Torrelavega;Centro;825;3;100;2.0;1.0;1.0;0;0;0;0;0;;rebaja 875->825 sin barreras;True;False;False;False;False;False;False;False;False;False;0
La Llanilla 1143 (Inmob. Montaña);Santander;Alisal-Cazoña-San Román;1250;2;76;0.0;1.0;1.0;1;0;0;0;0;;fijo bajo con jardín+terraza 118m2 urbanización;True;False;False;False;False;False;False;False;False;False;0
Bernardo Lavín (viBe);El Astillero;;780;2;74;2.0;1.0;0.0;0;0;0;0;0;;edificio 1969;True;False;False;False;False;False;False;False;False;False;0
Barrio Las Lastras 24 (Viveda);Viveda;;625;2;60;1.0;1.0;0.0;0;0;1;0;0;;temporal 10/01/2025 a 10/06/2026 (fechas explícitas);True;False;False;False;False;False;False;False;False;False;0
Julio Ruiz de Salazar 51;Torrelavega;Covadonga-Campuzano;900;3;75;2.0;1.0;0.0;0;0;0;0;0;;solo empresas/traslados;True;False;False;False;False;False;False;False;False;False;0
José Ramón López Dóriga;Santander;Puerto Chico;850;1;80;5.0;1.0;1.0;0;0;0;0;0;1.0;fijo semi-amueblado a/a;True;False;False;False;False;False;False;False;False;True;0
Burgos 8 (WEHOMES);Santander;Numancia-San Fernando;1000;2;70;2.0;1.0;0.0;0;0;1;0;0;1.0;temporal sep/oct a mayo/jun 2026;True;False;False;False;False;False;False;False;False;False;0
Castilla-Hermida (temporal con garaje);Santander;Castilla-Hermida;900;2;77;8.0;1.0;1.0;1;0;1;0;1;;temporal sanitario/estudiantes vistas mar;True;False;False;False;False;False;False;False;False;False;0
Castilla 33 (WEHOMES);Santander;Castilla-Hermida;850;3;90;1.0;1.0;1.0;0;0;1;0;0;1.0;temporal;True;False;False;False;False;False;False;False;False;False;0
Avenida de la Libertad 23 (Muriedas);Camargo;Muriedas;1100;3;80;2.0;1.0;1.0;0;0;1;0;0;;solo empresas/traslados/temporal;True;False;False;False;False;False;False;False;False;False;0
Cazoña (IDIVAL);Santander;Alisal-Cazoña-San Román;1000;3;107;2.0;1.0;1.0;1;0;0;0;0;;cerca valdecilla garaje;True;False;False;False;False;False;False;False;False;False;0
Obispo José Eguino 3 (Edificio Zara);Santander;Centro-Ayuntamiento;900;1;50;1.0;1.0;1.0;0;0;1;0;0;1.0;temporal;True;False;False;False;False;False;False;False;False;False;0
Cardenal Cisneros 21 (WEHOMES);Santander;Centro-Ayuntamiento;1500;4;100;3.0;1.0;0.0;0;0;1;0;0;;temporal 14 dic a junio sin ascensor;True;False;False;False;False;False;False;False;False;False;1
Pasaje de Peña 2 (WEHOMES);Santander;Centro-Ayuntamiento;1000;1;65;6.0;1.0;1.0;0;0;1;0;0;;temporal;True;False;False;False;False;False;False;False;False;False;0
Los Castros (920€);Santander;Los Castros;920;3;108;2.0;1.0;1.0;1;0;0;0;0;;cerca valdecilla preferencia sanitario;True;False;False;False;False;False;False;False;False;False;0
Camilo Alonso Vega 6 (WEHOMES);Santander;Cuatro Caminos;850;2;75;7.0;1.0;1.0;0;0;1;0;0;;temporal oct a mayo/jun 2026;True;False;False;False;False;False;False;False;False;False;0
Cóbreces 42;Alfoz de Lloredo;;800;2;70;0.0;1.0;0.0;1;0;1;0;0;;temporal sep/oct a mayo/jun 2026 terraza piscina pádel;True;False;False;False;False;False;False;False;False;False;0
General Dávila 228 (WEHOMES);Santander;General Dávila;1100;1;65;3.0;1.0;0.0;0;0;1;0;1;;temporal vistas mar;True;False;False;False;False;False;False;False;False;False;0
Tres de Noviembre (33 Elefantes);Santander;Numancia-San Fernando;900;2;65;1.0;1.0;1.0;0;0;0;0;0;;nan;True;False;False;False;False;False;False;False;False;False;0
Marcelino Sanz de Sautuola 11;Santander;Centro-Ayuntamiento;1200;2;85;3.0;1.0;0.0;0;0;1;0;0;;temporal premium;True;False;False;False;False;False;False;False;False;False;0
Cuatro Caminos (temporal);Santander;Cuatro Caminos;750;2;73;4.0;1.0;0.0;0;0;1;0;0;;temporal sanitario/profesores;True;False;False;False;False;False;False;True;False;False;0
Manuel Ruiz de Quevedo 41;Santander;Peñacastillo-Nuevamontaña;900;2;87;3.0;1.0;1.0;1;0;0;0;0;;fijo desde 1 septiembre obra nueva varios pisos;True;False;False;False;False;False;False;False;False;False;0
Joaquín Costa 18a (WEHOMES);Santander;El Sardinero;900;1;60;3.0;1.0;1.0;0;0;1;0;0;;temporal sep/oct a mayo/jun 2026;True;False;False;False;False;False;False;False;False;False;0
Paseo de Altamira (viBe);Santander;General Dávila;1050;2;93;8.0;1.0;1.0;1;0;0;0;0;;garaje incluido;True;False;False;False;False;False;False;False;False;False;0
Paseo Canalejas 11;Santander;Puerto Chico;1300;4;127;1.0;1.0;1.0;0;0;0;0;0;;nan;True;False;False;False;False;False;False;False;False;False;0
Barrio Cerdigo;Castro-Urdiales;Oriñón-Allendagua;1495;3;293;;;;1;0;0;0;1;;vistas mar;False;False;False;False;True;False;False;False;False;False;0
Cabuérniga (Campoo de Enmedio);Campoo de Enmedio;;1100;3;90;2.0;1.0;0.0;0;0;1;0;0;;texto dice edificio con ascensor pero cabecera sin ascensor -> ascensor=null recomendado;True;False;False;False;False;False;False;False;False;False;0
Avenida Santander 9;Noja;Tregadín;700;2;60;0.0;1.0;1.0;1;0;1;0;0;;temporal oct-jun;True;False;False;False;False;False;False;False;False;False;0
Pintor Modinos;Torrelavega;Centro;1000;3;89;1.0;1.0;1.0;0;0;1;0;0;;temporal para empresas;True;False;False;False;False;False;False;False;False;False;0
Vargas 11 (WEHOMES);Santander;Numancia-San Fernando;950;2;75;1.0;1.0;0.0;0;0;1;0;0;;temporal;True;False;False;False;False;False;False;False;False;False;0
Paseo Menéndez Pelayo (Brazomar);Castro-Urdiales;Brazomar;1800;4;115;4.0;1.0;1.0;0;0;1;0;1;;temporal hasta junio rebaja 1900->1800;True;False;False;False;False;False;False;False;False;False;0
Plaza Constitución (Muriedas);Camargo;Muriedas;1300;4;100;1.0;1.0;1.0;0;0;0;0;0;;solo empresas/traslados;True;False;False;False;False;False;False;False;False;False;0
Avenida Infantes 22;Santander;General Dávila;1600;3;100;3.0;1.0;1.0;0;0;1;0;0;1.0;temporal sep 2026 a mayo/jun 2027;True;False;False;False;False;False;False;False;False;False;0
CL Concha Espina;Los Corrales de Buelna;;650;1;53;1.0;1.0;1.0;1;0;0;0;0;1.0;nan;True;False;False;False;False;False;False;False;False;False;0
Calle del Pocillo 11;Castro-Urdiales;Cotolino;1500;2;82;3.0;1.0;1.0;1;0;0;0;0;;obra nueva;True;False;False;False;False;False;False;False;False;False;0
Barrio Santullán 21D;Castro-Urdiales;Mioño-Santullán;1100;3;150;;;;1;0;0;0;0;;larga estancia restricción ingresos >3000€;False;True;False;False;False;False;False;False;False;False;0
Barrio Cóbreces;Alfoz de Lloredo;;12472;4;274;;;;1;0;1;1;1;;precio por noche vacacional (no mensual comparable);False;False;False;True;False;False;False;False;False;False;0
Calle Ernest Lluch 9;Santander;La Pereda;950;2;120;2.0;1.0;1.0;1;0;1;0;0;;temporal;True;False;False;False;False;False;False;False;False;False;0
Amos de Escalante;Santander;Centro-Ayuntamiento;960;2;78;7.0;1.0;1.0;0;0;0;0;0;;nan;True;False;False;False;False;False;False;True;False;False;0
República Costa Rica 16;Laredo;Zona Playa;1800;2;50;3.0;1.0;1.0;1;0;1;0;0;;precio quincena/semana verano no mensual;True;False;False;False;False;False;False;False;False;False;1
Manuel Ruiz de Quevedo 41;Santander;Peñacastillo-Nuevamontaña;900;2;80;3.0;1.0;1.0;1;0;0;0;0;;larga estancia;True;False;False;False;False;False;False;False;False;False;0
Calle Acebedos;Santander;Centro-Ayuntamiento;875;3;85;2.0;1.0;1.0;0;0;0;0;0;;restricción perfil inquilino;True;False;False;False;False;False;False;False;False;False;0
Calle Vargas;Santander;Numancia-San Fernando;890;2;79;8.0;1.0;1.0;0;0;0;0;0;;nan;True;False;False;False;False;False;False;False;False;False;0
Antonio López 62;Santander;Castilla-Hermida;1200;3;130;7.0;1.0;1.0;0;0;1;0;1;;temporal ene-jun 2026 vistas mar;True;False;False;False;False;False;False;False;False;False;0
Calle Artiñano 1;Castro-Urdiales;Centro;800;1;45;3.0;1.0;0.0;0;0;1;0;0;1.0;temporal;True;False;False;False;False;False;False;False;False;False;0
Francisco Giner Ríos 24;San Vicente de la Barquera;;1000;3;110;3.0;1.0;1.0;1;0;1;0;0;;temporal invierno;True;False;False;False;False;False;False;True;False;False;0
Calle Enseñanza 6;Santander;Centro-Ayuntamiento;1000;3;130;3.0;1.0;1.0;0;0;0;0;0;;nan;True;False;False;False;False;False;False;False;False;False;0
Federico Vial 4;Santander;Castilla-Hermida;800;2;79;5.0;0.0;1.0;0;0;0;0;0;;interior;True;False;False;False;False;False;False;False;False;False;0
Avenida Reina Victoria;Santander;Puerto Chico;1150;2;65;9.0;1.0;1.0;0;0;0;0;0;1.0;nan;True;False;False;False;False;False;False;False;False;True;0
Cuesta del Hospital 7;Santander;Centro-Ayuntamiento;3000;3;70;3.0;1.0;0.0;0;0;1;1;0;;precio verano semanas/quincenas;True;False;False;False;False;False;False;False;False;False;1
Calle Quintana;Suances;;700;2;60;1.0;1.0;0.0;0;0;0;0;1;1.0;fijo vistas mar;True;False;False;False;False;False;False;False;False;False;0
Avenida Stadium 19;Santander;El Sardinero;950;2;70;2.0;1.0;1.0;1;0;0;0;0;0.0;fijo sin muebles;True;False;False;False;False;False;False;False;False;False;0
CL Floranes;Santander;Numancia-San Fernando;1000;3;97;2.0;1.0;1.0;1;0;0;0;0;;nan;True;False;False;False;False;False;False;False;False;False;0
Los Templarios 6;Castro-Urdiales;Playa Ostende;1100;3;100;1.0;1.0;1.0;1;0;1;0;0;;temporal 11 meses;True;False;False;False;False;False;False;False;False;False;0
Avenida los Infantes;Santander;El Sardinero;1500;2;87;0.0;0.0;1.0;1;0;1;0;0;1.0;temporal bajo interior;True;False;False;False;False;False;False;False;False;False;0
Paseo Marina Española 15;Suances;;1000;4;110;2.0;1.0;1.0;1;0;1;0;1;;precio verano por semana;True;False;False;False;False;False;False;True;False;False;1
Francisco Giner Ríos 32;San Vicente de la Barquera;;1000;2;95;3.0;1.0;1.0;0;1;1;0;0;;garaje opcional 50€;True;False;False;False;False;False;False;True;False;False;0
Calle Helgueras 14;Noja;;700;2;85;1.0;1.0;1.0;0;0;1;0;0;;temporal sep-jun;True;False;False;False;False;False;False;False;False;False;0
República Colombia 18;Laredo;Zona Playa;600;2;55;10.0;1.0;1.0;1;0;1;0;0;;precio por quincena verano;True;False;False;False;False;False;False;False;False;False;1
Francisco de Quevedo;Santander;Centro-Ayuntamiento;800;1;71;4.0;1.0;0.0;0;0;0;0;0;;nan;True;False;False;False;False;False;False;False;False;False;0
Vargas 5;Santander;Numancia-San Fernando;680;1;40;6.0;1.0;0.0;0;0;0;0;0;;nan;True;False;False;False;False;False;False;False;False;False;0
Avenida Menicenses;Miengo;;900;2;75;1.0;1.0;1.0;1;0;0;0;0;;nan;True;False;False;False;False;False;False;True;False;False;0
Río de la Pila 19;Santander;General Dávila;1250;4;134;1.0;1.0;1.0;0;0;1;0;0;;temporal;True;False;False;False;False;False;False;False;False;False;0
Vista Alegre 35;Santander;General Dávila;900;2;70;;1.0;0.0;0;0;0;0;0;;nan;True;False;False;False;False;False;False;False;False;False;0
Ocharan Mazas;Castro-Urdiales;Centro;1650;4;180;1.0;1.0;1.0;0;0;1;0;1;;primera línea mar temporal;True;False;False;False;False;False;False;False;False;False;0
Avenida Castros;Santander;Los Castros;850;2;79;7.0;1.0;1.0;1;0;1;0;0;;temporal sep-jun;True;False;False;False;False;False;False;False;False;False;0
Avenida Cantabria 8;Santander;La Pereda;1400;3;90;3.0;1.0;1.0;1;0;0;0;0;;precio alternativo temporada 1300;True;False;False;False;False;False;False;False;False;False;0
Marcel Pirón;Torrelavega;Barreda;850;4;89;1.0;1.0;0.0;0;0;0;0;0;;nan;True;False;False;False;False;False;False;False;False;False;0
Calle Luis Martínez;Santander;El Sardinero;7000;6;470;;;;1;0;0;1;0;;lujo;False;False;False;True;False;False;False;False;False;False;0
Calle Hernán Cortés;Santander;Centro-Ayuntamiento;1400;3;112;4.0;1.0;1.0;0;0;0;0;0;1.0;fijo;True;False;False;False;False;False;False;True;False;False;0
Barrio Cuartas 9;Renedo-Piélagos;;680;3;90;2.0;1.0;1.0;1;0;0;0;0;;nan;True;False;False;False;False;False;False;False;False;False;0
Miguel Artigas;Santander;Centro-Ayuntamiento;1200;3;100;5.0;1.0;1.0;0;0;0;0;0;;nan;True;False;False;False;False;False;False;False;False;False;0
CL San Fernando 22;Santander;Numancia-San Fernando;1200;3;130;5.0;1.0;1.0;0;0;0;0;0;;nan;True;False;False;False;False;False;False;False;False;False;0
CL Gerona;Santander;Puerto Chico;680;3;65;4.0;1.0;0.0;0;0;1;0;0;;temporal sep-jun estudiantes;True;False;False;False;False;False;False;False;False;False;0
Calle San Fernando;Santander;Cuatro Caminos;850;1;68;4.0;1.0;1.0;0;0;1;0;0;;temporal sep-jun;True;False;False;False;False;False;False;False;False;False;0
Calle Tantín;Santander;Centro-Ayuntamiento;760;2;50;5.0;1.0;0.0;0;0;0;0;0;;fijo posibilidad compra;True;False;False;False;False;False;False;False;False;True;0
Barrio Cumbrales;Polanco;;800;2;82;;;;1;0;0;0;0;;nan;False;True;False;False;False;False;False;False;False;False;0
Calle la Brava 29;Noja;Ris;4100;5;320;;;;1;0;1;1;0;;temporal lujo verano;False;False;False;False;True;False;False;False;False;False;1
Calle Lealtad;Santander;Centro-Ayuntamiento;1600;4;160;7.0;1.0;1.0;0;0;0;0;0;;nan;True;False;False;False;False;False;False;False;False;False;0
Calle Juan de Herrera;Los Corrales de Buelna;;750;1;67;;;;0;0;1;0;0;;corta estancia;False;False;False;True;False;False;False;False;False;False;0
Urbanización Parque Mar;Barcena de Cicero;;750;1;65;1.0;1.0;1.0;1;0;1;0;0;;corta estancia;True;False;False;False;False;False;False;False;False;False;0
Calle Peñas Blancas;Somo;Ribamontan al Mar;750;2;85;1.0;1.0;0.0;1;0;1;0;0;;corta estancia;True;False;False;False;False;False;False;False;False;False;0
Calle El Mazuco 8;Somo;Ribamontan al Mar;1000;1;50;0.0;1.0;0.0;0;0;1;0;0;;temporal jardín;True;False;False;False;False;False;False;False;False;False;0
Calle General Espartero;Ramales de la Victoria;;700;3;70;3.0;1.0;0.0;0;0;0;0;0;;nan;True;False;False;False;False;False;False;False;False;False;0
Barrio las Quintas 20;Viveda;;500;1;40;0.0;1.0;0.0;0;0;1;0;0;1.0;temporal hasta mayo 2026;True;False;False;False;False;False;False;True;False;False;0
Ca-136;Santillana del Mar;;1300;4;140;;;;1;0;1;0;0;;temporal sep-jun;False;False;False;True;False;False;False;False;False;False;0
Bo Iglesia;Liencres;Piélagos;900;2;80;0.0;1.0;0.0;0;0;1;0;0;;temporal no mascotas;True;False;False;False;False;False;False;False;False;False;0
Barrio las Quintas 20 (2);Viveda;;550;2;50;0.0;1.0;0.0;0;0;1;0;0;1.0;temporal hasta mayo 2026;True;False;False;False;False;False;False;False;False;False;0
Calle Emilio Pino;Santander;Centro-Ayuntamiento;1600;5;157;4.0;1.0;1.0;0;0;0;0;0;;sin amueblar;True;False;False;False;False;False;False;False;False;False;0
Calle Emilio Pino (2);Santander;Centro-Ayuntamiento;1290;3;118;4.0;1.0;1.0;0;0;0;0;0;;nan;True;False;False;False;False;False;False;False;False;False;0
Amos de Escalante;Santander;Centro-Ayuntamiento;950;2;80;7.0;1.0;1.0;0;0;0;0;0;1.0;fijo;True;False;False;False;False;False;False;True;False;False;0
Profesor Jiménez Díaz;Santander;Cuatro Caminos;575;1;40;0.0;1.0;0.0;0;0;1;0;0;;temporal ene-jun;True;False;False;False;False;False;False;False;False;False;0
Avenida Menéndez Pelayo;Muriedas;Camargo;980;3;107;5.0;1.0;1.0;0;0;0;0;0;;nan;True;False;False;False;False;False;False;False;False;False;0
Brazomar;Castro-Urdiales;Brazomar;2000;4;121;2.0;1.0;1.0;1;0;1;0;1;;temporal vistas mar;True;False;False;False;False;False;False;True;False;False;0
Avenida Menicenses;Miengo;;1250;4;191;;;;0;0;1;0;0;;temporal oct-jun;False;True;False;False;False;False;False;False;False;False;0
Barrio Sámano;Castro-Urdiales;Sámano;1700;3;188;;;;1;0;0;0;0;;nan;False;False;False;False;True;False;False;False;False;False;0
Voto;;Voto;600;2;87;2.0;;1.0;1;0;1;0;0;;temporal sep-jun;True;False;False;False;False;False;False;False;False;False;0
Sobremazas;;;1500;2;65;;;;1;0;1;0;0;;vacacional precio orientativo;False;False;True;False;False;False;False;False;False;False;0
Paseo Garelly;Comillas;;900;3;120;2.0;1.0;1.0;1;0;1;0;0;1.0;temporal nueva construcción;True;False;False;False;False;False;False;False;False;False;0
Paseo Antonio Garelly;Comillas;;800;2;85;0.0;1.0;1.0;1;0;1;0;0;;temporal;True;False;False;False;False;False;False;False;False;False;0
Calle Montevideo;Santander;Cuatro Caminos;900;2;100;0.0;1.0;0.0;0;0;1;0;0;;temporal ene-jun;True;False;False;False;False;False;False;False;False;False;0
Los Caserios 8;Castro-Urdiales;Centro;900;2;80;2.0;1.0;1.0;1;0;1;0;0;;temporal piscina;True;False;False;False;False;False;False;False;False;False;0
Urbanización Monte Corona;Comillas;;750;2;50;;;;1;0;1;0;1;;temporal oyambre;False;False;False;False;True;False;False;False;False;False;0
Calle Valle de Campoo;Torrelavega;Ciudad Nueva;620;2;60;2.0;1.0;0.0;0;0;0;0;0;;nan;True;False;False;False;False;False;False;False;False;False;0
Barrio Mar;Polanco;;1750;4;170;;;;1;0;0;0;0;;nan;False;True;False;False;False;False;False;False;False;False;0
Avenida Herrera Oria;Santander;Alisal-Cazoña;950;3;90;9.0;1.0;1.0;0;0;0;0;0;;nan;True;False;False;False;False;False;False;False;False;False;0
Calle Cervantes;Santander;Centro-Ayuntamiento;950;3;85;1.0;1.0;0.0;0;0;0;0;0;;nan;True;False;False;False;False;False;False;False;False;False;0
Calle José Simón Cabarga;Santander;El Sardinero;1100;2;80;5.0;1.0;1.0;0;1;0;0;0;;nan;True;False;False;False;False;False;False;False;False;False;0
Barrio Redo;Camaleño;;690;3;118;;;;0;0;1;0;0;;temporal;False;False;False;False;True;False;False;False;False;False;0
Calle Claudio López;Comillas;;1200;2;74;2.0;1.0;0.0;1;0;1;0;0;;temporal;True;False;False;False;False;False;False;False;False;False;0
Calle Floranes;Santander;Numancia-San Fernando;850;2;67;4.0;1.0;1.0;0;0;0;0;0;;nan;True;False;False;False;False;False;False;False;False;False;0
Paseo Menéndez Pelayo;Santander;Puerto Chico;850;1;50;2.0;1.0;1.0;1;0;0;0;0;;nan;True;False;False;False;False;False;False;False;False;False;0
Calle Silvestre Ochoa;Castro-Urdiales;Playa Ostende;890;2;79;2.0;1.0;1.0;1;0;1;0;0;;temporal;True;False;False;False;False;False;False;False;False;False;0
Calle Camilo Alonso Vega;Santander;General Dávila;800;2;74;3.0;1.0;1.0;0;0;1;0;0;;temporal;True;False;False;False;False;False;False;False;False;False;0
Calle Bonifaz;Santander;Puerto Chico;800;1;55;5.0;1.0;1.0;0;0;0;0;0;;nan;True;False;False;False;False;False;False;False;False;False;0
Calle la Universidad;Santander;Los Castros;850;2;66;5.0;1.0;0.0;0;0;1;0;0;;temporal;True;False;False;False;False;False;False;False;False;False;0
Calle Juan de la Cosa;Santander;Puerto Chico;970;2;80;5.0;1.0;1.0;0;0;0;0;0;;nan;True;False;False;False;False;False;False;False;False;False;0
Av Francisco Giner de los Ríos;San Vicente de la Barquera;;1400;3;100;3.0;1.0;1.0;1;0;1;0;0;;temporal;True;False;False;False;False;False;False;True;False;False;0
Calle Antonio López;Santander;Castilla-Hermida;850;1;70;1.0;1.0;1.0;0;0;0;0;0;;nan;True;False;False;False;False;False;False;False;False;False;0
Numancia-San Fernando;Santander;Numancia-San Fernando;875;2;72;1.0;1.0;1.0;0;0;0;0;0;;nan;True;False;False;False;False;False;False;False;False;False;0
Cudón;Miengo;;700;2;79;1.0;1.0;0.0;1;0;1;0;0;;temporal;True;False;False;False;False;False;False;False;False;False;0
Cotolino;Castro-Urdiales;Cotolino;800;2;70;0.0;1.0;1.0;0;0;1;0;0;;temporal;True;False;False;False;False;False;False;False;False;False;0
Castilla-Hermida;Santander;Castilla-Hermida;1000;3;100;4.0;1.0;1.0;0;1;0;0;0;;nan;True;False;False;False;False;False;False;False;False;False;0
Numancia-San Fernando;Santander;Numancia-San Fernando;900;3;95;3.0;1.0;0.0;0;0;0;0;0;;nan;True;False;False;False;False;False;False;False;False;False;0
Numancia-San Fernando;Santander;Numancia-San Fernando;2000;3;164;9.0;1.0;1.0;0;0;0;0;0;;nan;True;False;False;False;False;False;False;False;False;False;0
Maliaño;Camargo;Maliaño;1600;4;232;3.0;1.0;1.0;0;0;0;0;1;;nan;True;False;False;False;False;False;False;True;False;False;0
Numancia-San Fernando;Santander;Numancia-San Fernando;1100;2;88;3.0;1.0;1.0;0;0;0;0;0;;nan;True;False;False;False;False;False;False;False;False;False;0
Calle Somorrostro;Santander;Centro-Ayuntamiento;750;1;60;3.0;1.0;1.0;0;0;0;0;0;;nan;True;False;False;False;False;False;False;False;False;False;0
Calle San Fernando;Santander;Numancia-San Fernando;850;2;100;5.0;1.0;1.0;0;0;0;0;0;;nan;True;False;False;False;False;False;False;False;False;False;0
General Dávila;Santander;General Dávila;875;2;70;2.0;1.0;0.0;0;0;0;0;0;;nan;True;False;False;False;False;False;False;False;False;False;0
Barrio Alto de Torres;Torrelavega;;900;2;160;1.0;1.0;0.0;1;0;0;0;0;;nan;True;False;False;False;False;False;False;False;False;True;0
Calle Los Caseríos;Castro-Urdiales;Centro;950;2;65;2.0;1.0;1.0;1;0;1;0;0;;temporal;True;False;False;False;False;False;False;False;False;False;0
Avenida Francisco Giner de los Ríos 26;San Vicente de la Barquera;;800;1;53;1.0;1.0;1.0;0;0;1;0;0;1.0;temporal;True;False;False;False;False;False;False;False;False;False;0
Avenida de los Castros 30;Santander;El Sardinero;1300;4;100;3.0;1.0;0.0;1;0;1;0;1;1.0;estudiantes medicina;True;False;False;False;False;False;False;False;False;False;0
Plaza de Viares 5;Suances;;1000;2;60;2.0;1.0;1.0;1;0;1;0;1;1.0;temporal;True;False;False;False;False;False;False;False;False;False;0
Calle Andrés del Río 1;Santander;Puerto Chico;1400;3;100;1.0;1.0;1.0;0;1;1;0;0;1.0;curso escolar;True;False;False;False;False;False;False;False;False;False;0
Val de San Vicente (Unquera);Val de San Vicente;;650;3;80;3.0;1.0;0.0;0;0;0;0;0;1.0;nan;True;False;False;False;False;False;False;False;False;False;0
Calle Zancajo Osorio 2;Santander;Castilla-Hermida;750;2;70;6.0;1.0;1.0;0;0;1;0;0;1.0;temporal estudiantes;True;False;False;False;False;False;False;False;False;False;0
Barrio Los Prados 39;Liérganes;;3000;4;150;;;;1;0;1;1;0;1.0;lujo;False;False;False;False;False;True;False;False;False;False;0
Calle Ardigales 25;Castro-Urdiales;Centro;790;2;60;2.0;1.0;0.0;0;0;1;0;0;1.0;temporal;True;False;False;False;False;False;False;False;False;False;0
Calle Bonifaz 19;Santander;Puerto Chico;1200;2;80;3.0;1.0;0.0;0;0;1;0;0;1.0;temporal;True;False;False;False;False;False;False;False;False;False;0
Calle El Puntal 9;Somo;;1700;2;65;3.0;1.0;0.0;1;0;1;0;1;1.0;temporal;True;False;False;False;False;False;False;False;False;True;0
Avenida de la Libertad 81;Laredo;El Puntal;650;1;55;2.0;0.0;0.0;0;0;1;0;0;1.0;vacacional;True;False;False;False;False;False;False;False;False;False;0
Calle Guevara;Santander;Centro-Ayuntamiento;700;1;40;5.0;1.0;0.0;0;0;1;0;0;1.0;temporal;True;False;False;False;False;False;False;False;False;False;0
Calle Somorrostro;Santander;Centro-Ayuntamiento;900;1;65;3.0;1.0;1.0;0;0;0;0;0;0.0;nan;True;False;False;False;False;False;False;False;False;False;0
Calle Alta 53;Santander;Numancia-San Fernando;900;2;50;5.0;1.0;1.0;0;0;1;0;0;1.0;temporal;True;False;False;False;False;False;False;False;False;False;0
Paseo de Altamira;Santander;General Dávila;650;2;60;2.0;1.0;0.0;0;0;1;0;0;1.0;temporal;True;False;False;False;False;False;False;False;False;False;0
Calle Matilde de la Torre 9;El Astillero;;1000;2;80;1.0;1.0;1.0;1;0;0;0;0;1.0;nan;True;False;False;False;False;False;False;False;False;False;0
Calle Bonifaz 16;Santander;Puerto Chico;800;1;55;5.0;1.0;1.0;0;0;0;0;0;1.0;larga estancia;True;False;False;False;False;False;False;False;False;False;0
Calle Gravina;Santander;Centro-Ayuntamiento;975;2;91;2.0;1.0;0.0;0;0;0;0;0;0.0;nan;True;False;False;False;False;False;False;False;False;False;0
Calle Respuela;Santa Cruz de Bezana;Bezana;600;2;65;3.0;1.0;1.0;1;0;1;0;0;1.0;temporal;True;False;False;False;False;False;False;False;False;False;0
Calle San Martín del Pino;Santander;Peñacastillo;1200;2;65;4.0;1.0;1.0;0;0;0;0;0;1.0;nan;True;False;False;False;False;False;False;False;False;False;0
Calle Rualasal 17;Santander;Centro-Ayuntamiento;1200;3;100;6.0;1.0;1.0;0;0;0;0;0;1.0;larga estancia;True;False;False;False;False;False;False;False;False;False;0
Avenida de Cantabria 16;Santander;La Pereda;915;2;72;3.0;1.0;1.0;1;0;0;0;0;1.0;nan;True;False;False;False;False;False;False;False;False;False;0
Calle Benidorm 2;Santander;Los Castros;950;3;67;3.0;1.0;1.0;0;0;0;0;0;1.0;nan;True;False;False;False;False;False;False;False;False;False;0
Calle Ría Cubas 1;Somo;;1000;1;52;3.0;1.0;1.0;0;0;0;0;0;1.0;larga estancia;True;False;False;False;False;False;False;False;False;False;0
Calle Vargas 65;Santander;Cuatro Caminos;950;3;90;2.0;1.0;1.0;0;0;0;0;0;1.0;nan;True;False;False;False;False;False;False;False;False;False;0
Avenida Pérez Galdós 17;Santander;El Sardinero;1975;3;125;3.0;1.0;1.0;1;0;0;0;0;1.0;nan;True;False;False;False;False;False;False;False;False;False;0
Calle Castilla 19;Santander;Castilla-Hermida;850;2;65;2.0;1.0;1.0;0;0;0;0;0;1.0;nan;True;False;False;False;False;False;False;False;False;False;0
Calle Rualasal 11;Santander;Centro-Ayuntamiento;1450;3;115;2.0;1.0;1.0;0;0;0;0;0;1.0;larga estancia;True;False;False;False;False;False;False;False;False;False;0
Calle Magallanes 36;Santander;Numancia-San Fernando;870;2;85;2.0;1.0;1.0;0;0;0;0;0;1.0;larga estancia;True;False;False;False;False;False;False;False;False;False;0
Avenida de los Castros 141;Santander;Los Castros;1100;3;90;1.0;1.0;1.0;0;1;0;0;0;1.0;larga duración;True;False;False;False;False;False;False;False;False;False;0
Piso en Calle Manuel Cortabitarte Balbín, 8;San Vicente de la Barquera;;950;2;66;3.0;1.0;0.0;0;0;1;0;1;;terraza orientación sur;True;False;False;False;False;False;False;False;False;False;0
Piso en Calle Gutiérrez Solana, 13;Santander;Alisal - Cazoña - San Román;900;3;90;5.0;1.0;1.0;1;0;1;0;0;;ideal estudiantes;True;False;False;False;False;False;False;False;False;False;0
Ático en Urbanización Puerto Pas, 29;Mogro;;850;2;80;2.0;1.0;0.0;1;0;1;0;1;;primera línea de playa;True;False;False;False;False;False;False;False;False;True;0
Piso en Calle Ría Cubas, 1;Somo;Ribamontan al Mar;1600;2;80;0.0;1.0;0.0;1;0;1;0;1;;amplia terraza 35m²;True;False;False;False;False;False;False;False;False;False;0
Piso en Avenida Francisco Giner de los Ríos, 24;San Vicente de la Barquera;;650;1;45;1.0;1.0;1.0;0;0;1;0;0;1.0;solo temporada baja;True;False;False;False;False;False;False;False;False;False;0
Piso en Barrio la Somadilla, 32 A;Voto;;500;1;55;1.0;1.0;1.0;1;0;1;0;0;1.0;gran terraza;True;False;False;False;False;False;False;False;False;False;0
Casa rural en Los Llanos, s/n;Camaleño;;900;4;120;;1.0;0.0;0;0;0;0;0;1.0;casa de piedra con jardín;False;False;False;False;False;True;False;False;False;False;0
Casa en Barrio los Tánagos, 5;Val de San Vicente;;470;2;110;;1.0;0.0;1;0;1;0;0;1.0;jardín;False;False;False;True;False;False;False;False;False;False;0
Piso en Calle Corbanera, 100;Santander;Monte;950;2;55;0.0;1.0;0.0;0;0;1;0;1;1.0;gastos incluidos;True;False;False;False;False;False;False;False;False;False;0
Casa en Barrio las Escuelas, 13;Hazas de Cesto;;1100;3;110;;1.0;0.0;0;0;1;0;0;1.0;disponible octubre-junio;False;False;False;True;False;False;False;False;False;False;1
Piso en Paseo de Trengandín, 8;Noja;Tregadín;700;2;60;1.0;1.0;0.0;1;0;1;0;1;1.0;vistas al mar;True;False;False;False;False;False;False;False;False;False;0
Piso en Calle de la Arnia;Santa Cruz de Bezana;Soto de la Marina;900;2;55;0.0;1.0;0.0;1;0;1;0;0;0.0;no se alquila para fijo;True;False;False;False;False;False;False;False;False;False;0
Chalet en Avenida Juan de Herrera;Santa Cruz de Bezana;Maoño;4500;5;514;;1.0;;1;0;0;1;0;0.0;parcela 3000m2 con piscina y barbacoa;False;False;False;True;False;False;False;False;False;False;0
Chalet en Mompía;Santa Cruz de Bezana;Mompia;2000;3;330;;1.0;;1;0;0;0;0;0.0;chalet con terreno y buena conexión a santander;False;False;False;True;False;False;False;False;False;False;0
Piso en Avenida Marqués de Valdecilla;Santa Cruz de Bezana;Soto de la Marina;900;2;80;2.0;1.0;1.0;1;0;0;0;0;1.0;amueblado y listo para entrar;True;False;False;False;False;False;False;False;False;False;0
Ático en Calle la Calleja;Santa Cruz de Bezana;Soto de la Marina;900;3;125;3.0;1.0;1.0;1;0;1;0;0;0.0;alquiler temporal hasta junio 2026;True;False;False;False;False;False;False;False;False;True;0
Piso en Calle de la Arnia;Santa Cruz de Bezana;Soto de la Marina;900;1;60;0.5;1.0;0.0;0;0;0;0;0;1.0;apartamento amplio y luminoso;True;False;False;False;False;False;False;False;False;False;0
Piso en Calle Isla del Castro;Santa Cruz de Bezana;Soto de la Marina;1500;3;120;3.0;1.0;1.0;1;0;1;0;0;0.0;obra nueva alto standing;True;False;False;False;False;False;False;False;False;False;0
Ático en Urbanización Portonovo;Santa Cruz de Bezana;Soto de la Marina;900;2;72;1.0;1.0;1.0;1;0;0;0;0;1.0;ático amueblado con balcón;True;False;False;False;False;False;False;False;False;True;0
Chalet en Calle Cotero;Santa Cruz de Bezana;Soto de la Marina;1600;4;180;;1.0;;1;0;1;0;0;0.0;temporal hasta junio 2026;False;False;False;True;False;False;False;False;False;False;0
Dúplex en Avenida Marqués de Valdecilla;Santa Cruz de Bezana;Soto de la Marina;1100;3;120;1.0;1.0;0.0;0;0;0;0;0;1.0;dúplex cercano a la playa;True;False;False;False;False;False;False;False;False;False;0
Piso en Bezana;Santa Cruz de Bezana;Bezana;1000;3;99;0.0;1.0;1.0;0;0;1;0;0;1.0;temporal menos de 1 año;True;False;False;False;False;False;False;False;False;False;0
Chalet en Maoño;Santa Cruz de Bezana;Maoño;2500;3;479;;1.0;;1;0;0;0;0;0.0;gran finca 1227m2;False;False;False;True;False;False;False;False;False;False;0
Chalet en Calle San Vicente;Santa Cruz de Bezana;Maoño;4900;5;300;;1.0;;1;0;0;1;0;0.0;parcela 5000m2 con piscina;False;False;False;True;False;False;False;False;False;False;0
Chalet en Soto de la Marina;Santa Cruz de Bezana;Soto de la Marina;1500;4;240;;1.0;;1;0;1;0;0;0.0;ideal estudiantes hasta junio 2026;False;False;False;True;False;False;False;False;False;False;0
Chalet en Calle Cotero 10;Santa Cruz de Bezana;Soto de la Marina;1995;4;250;;1.0;;1;0;1;0;0;0.0;temporal enero-junio;False;False;False;True;False;False;False;False;False;False;1
Piso en Avenida Fernando Saiz;Santa Cruz de Bezana;Soto de la Marina;820;2;65;1.0;1.0;0.0;0;0;1;0;0;1.0;gastos incluidos;True;False;False;False;False;False;False;False;False;False;0
Piso en Avenida Playa San Juan;Santa Cruz de Bezana;Soto de la Marina;700;1;45;0.0;1.0;0.0;0;0;1;0;0;1.0;gastos incluidos;True;False;False;False;False;False;False;False;False;False;0
Casa en Avenida Marqués de Valdecilla 28;Santa Cruz de Bezana;Soto de la Marina;900;1;90;;1.0;;0;0;1;0;0;1.0;alquiler mensual máximo;False;False;False;True;False;False;False;False;False;False;0
Casa en Avenida Marqués de Valdecilla 28;Santa Cruz de Bezana;Soto de la Marina;675;1;45;;1.0;;0;0;1;0;0;1.0;gastos incluidos;False;False;False;True;False;False;False;False;False;False;0
Estudio en Avenida Marqués de Valdecilla 149;Santa Cruz de Bezana;Soto de la Marina;900;0;45;0.0;1.0;0.0;0;0;1;0;0;1.0;gastos incluidos y limpieza mensual;True;False;False;False;False;False;False;False;True;False;0
Ático en Avenida de la Libertad;Santa Cruz de Bezana;Mompia;1025;3;120;5.0;1.0;1.0;1;0;0;0;0;0.0;frente hospital mompía terraza 70m2;True;False;False;False;False;False;False;False;False;True;0
Ático en Calle Respuela;Santa Cruz de Bezana;Bezana;1025;3;103;2.0;1.0;1.0;1;0;0;0;1;0.0;vistas al mar terraza 70m2;True;False;False;False;False;False;False;False;False;True;0
Piso en Calle Cervantes;Santa Cruz de Bezana;Soto de la Marina;850;2;50;0.0;1.0;0.0;0;0;1;0;0;1.0;gastos incluidos;True;False;False;False;False;False;False;False;False;False;0
Ático en Calle Isaac Peral;Suances;Suances;2700;3;112;2.0;1.0;0.0;1;0;1;0;0;0.0;dúplex temporal verano capacidad 8 personas;True;False;False;False;False;False;False;False;False;True;1
Ático en Calle Acacio Gutiérrez 138;Suances;Suances;1500;3;128;4.0;1.0;0.0;1;0;1;0;1;0.0;primera línea mar hasta junio;True;False;False;False;False;False;False;False;False;True;0
Ático en Calle Acacio Gutiérrez 138;Suances;Suances;2000;3;128;4.0;1.0;0.0;1;0;0;0;1;0.0;primera línea mar;True;False;False;False;False;False;False;False;False;True;0
Piso en Calle Miguel Delibes 4;Suances;Suances;6500;3;80;1.0;1.0;1.0;1;0;1;1;0;0.0;reformado 100m playa concha;True;False;False;False;False;False;False;False;False;False;0
Dúplex en Avenida de los Menicenses;Miengo;Miengo;900;2;75;1.0;1.0;1.0;1;0;0;0;0;0.0;cerca playa usgo;True;False;False;False;False;False;False;True;False;False;0
Piso en Quintana;Suances;Suances;700;2;60;1.0;1.0;0.0;0;0;0;0;1;1.0;alquiler fijo vistas mar;True;False;False;False;False;False;False;False;False;False;0
Estudio en CL Carral;Suances;Suances;700;1;53;0.0;1.0;0.0;0;0;1;0;0;0.0;temporal no vivienda habitual;True;False;False;False;False;False;False;False;True;False;0
Piso en Bo Iglesia Liencres;Piélagos;Liencres;900;2;80;0.0;1.0;0.0;0;0;1;0;0;0.0;jardín privativo;True;False;False;False;False;False;False;False;False;False;0
Chalet en Avenida de los Menicenses;Miengo;Miengo;1250;4;191;;1.0;;0;0;1;0;0;0.0;temporal octubre-junio;False;True;False;False;False;False;False;False;False;False;1
Piso en Cudón;Miengo;Cudon;850;2;70;0.0;1.0;0.0;0;0;0;0;0;0.0;disponible fijo o temporal;True;False;False;False;False;False;False;False;False;False;0
Casa en Boo;Piélagos;Boo;950;3;130;;1.0;;0;0;1;0;0;0.0;disponible hasta junio 2026;False;False;False;True;False;False;False;False;False;False;0
Chalet en Mortera;Piélagos;Mortera;1950;4;310;;1.0;;1;0;0;0;0;0.0;alquiler fijo vacío;False;False;False;True;False;False;False;False;False;False;0
Piso en Mogro Playa Usil;Miengo;Mogro;750;2;75;0.0;1.0;1.0;1;0;1;0;1;0.0;reformado vistas mar;True;False;False;False;False;False;False;False;False;False;0
Piso en Calle Quintana 32;Suances;Suances;820;2;70;0.0;1.0;1.0;1;0;1;0;0;0.0;jardín 190m2;True;False;False;False;False;False;False;False;False;False;0
Piso en Paseo Marina Española 10;Suances;Suances;1200;2;65;1.0;1.0;0.0;1;0;1;0;0;0.0;primera línea concha licencia turística;True;False;False;False;False;False;False;False;False;False;0
Piso en Cudón;Miengo;Cudon;700;2;79;1.0;1.0;0.0;1;0;1;0;0;0.0;temporal profesores;True;False;False;False;False;False;False;False;False;False;0
Casa en Barrio San Juan Boo;Piélagos;Boo;1650;3;140;;1.0;;1;0;0;0;0;0.0;parcela 600m2;False;False;False;True;False;False;False;False;False;False;0
Piso en Calle Comillas 68;Suances;Suances;600;1;45;1.0;1.0;0.0;0;0;1;0;0;1.0;octubre-junio;True;False;False;False;False;False;False;False;False;False;1
Piso en Barrio la Arena Miengo;Miengo;Miengo;650;2;65;0.0;1.0;0.0;1;0;0;0;0;0.0;disponible fijo marzo;True;False;False;False;False;False;False;False;False;False;0
Casa en Calle la Aldea 32;Suances;Suances;1200;1;40;;1.0;;0;0;1;0;0;0.0;verano;False;False;False;True;False;False;False;False;False;False;1
Piso en Calle Playa Usil 334;Miengo;Mogro;700;1;50;1.0;1.0;0.0;1;0;1;0;1;0.0;temporal vistas mar;True;False;False;False;False;False;False;False;False;False;0
Piso en Calle Playa Usil 14;Miengo;Mogro;650;1;62;0.0;1.0;0.0;0;0;0;0;0;0.0;nan;True;False;False;False;False;False;False;False;False;False;0
Piso en Calle Acacio Gutiérrez 130;Suances;Suances;2100;3;110;0.0;1.0;0.0;0;0;1;0;1;0.0;primera línea mar;True;False;False;False;False;False;False;False;False;False;0
Piso en Barrio Rodil Mortera;Piélagos;Mortera;900;2;85;1.0;1.0;1.0;1;0;0;0;0;0.0;urbanización con piscina;True;False;False;False;False;False;False;False;False;False;0
Piso en Plaza Viares 5;Suances;Suances;1000;2;60;2.0;1.0;1.0;1;0;1;0;1;0.0;vistas mar 200m playa;True;False;False;False;False;False;False;False;False;False;0
Piso en Miguel Delibes 4;Suances;Suances;650;2;70;1.0;1.0;1.0;0;0;1;0;0;0.0;temporal excepto agosto;True;False;False;False;False;False;False;False;False;False;1
Piso en Las Pedregueras 474;Miengo;Mogro;2500;2;61;1.0;1.0;0.0;1;0;1;0;0;0.0;casa rural piscina;True;False;False;False;False;False;False;False;False;False;0
Chalet en Suances;Suances;Suances;1200;3;200;;1.0;;1;0;0;0;0;0.0;vistas ría san martin;False;False;False;True;False;False;False;False;False;False;0
Casa rural en Calle Mies Dehesa 51;Miengo;Miengo;2000;11;540;;1.0;;1;0;1;0;0;0.0;hotel rural;False;False;False;False;False;True;False;False;False;False;0
Piso en Miengo Marzán;Miengo;Miengo;675;2;70;1.0;1.0;0.0;0;0;0;0;0;0.0;nan;True;False;False;False;False;False;False;False;False;False;0
Piso en CA-326 Cuchía;Miengo;Cuchia;700;3;103;2.0;1.0;0.0;1;0;0;0;0;0.0;garaje cerrado;True;False;False;False;False;False;False;False;False;False;0
Piso en Suances zona playa;Suances;Suances;650;2;65;1.0;1.0;1.0;1;0;1;0;0;0.0;temporal septiembre-junio;True;False;False;False;False;False;False;False;False;False;0
Piso en Paseo Marina Española 8;Suances;Suances;1200;2;75;2.0;1.0;1.0;1;0;1;0;0;0.0;frente playa teletrabajo;True;False;False;False;False;False;False;False;False;False;0
Piso en Calle Sogandara 4;Suances;Suances;690;2;64;2.0;1.0;1.0;1;0;0;0;0;0.0;nan;True;False;False;False;False;False;False;False;False;False;0
Piso en Playa 2;Suances;Suances;600;2;45;2.0;1.0;1.0;0;0;1;0;0;1.0;cerca playa concha;True;False;False;False;False;False;False;False;False;False;0
Piso en Calle Playa Usil 532;Miengo;Mogro;750;2;70;1.0;1.0;0.0;1;0;1;0;1;0.0;vistas mar;True;False;False;False;False;False;False;False;False;False;0
Piso en Calle Quintana 104;Suances;Suances;650;2;75;2.0;1.0;1.0;1;0;1;0;0;0.0;piscina urbanización;True;False;False;False;False;False;False;False;False;False;0
Piso en Abra del Pas 1129;Miengo;Mogro;700;2;63;2.0;1.0;0.0;1;0;1;0;0;0.0;septiembre-junio;True;False;False;False;False;False;False;False;False;False;0
Chalet en Calle Redondo 6;Suances;Suances;700;2;65;;1.0;;0;0;1;0;0;0.0;nan;False;False;False;False;True;False;False;False;False;False;0
Chalet en Calle Redondo 6;Suances;Suances;580;1;60;;1.0;;0;0;1;0;0;0.0;nan;False;False;False;False;True;False;False;False;False;False;0
Piso en Calle Comillas 56;Suances;Suances;2000;2;76;3.0;1.0;0.0;1;0;1;0;0;0.0;50m playa;True;False;False;False;False;False;False;False;False;False;0
Piso en Calle Quintana 26;Suances;Suances;550;1;40;1.0;1.0;1.0;1;0;1;0;0;1.0;solo profesores;True;False;False;False;False;False;False;False;False;False;0
Piso en AC 136;Suances;Suances;900;2;70;1.0;1.0;0.0;0;0;1;0;1;0.0;vistas mar;True;False;False;False;False;False;False;False;False;False;0
Piso en Miengo;Miengo;Miengo;630;1;42;1.0;1.0;0.0;1;0;1;0;1;1.0;vistas mar;True;False;False;False;False;False;False;False;False;False;0
Piso en Calle Doctor Oti 8;Suances;Suances;900;3;85;5.0;1.0;1.0;0;0;1;0;0;0.0;septiembre-junio;True;False;False;False;False;False;False;False;False;False;0
Chalet en Avenida Cantabria 2387;Miengo;Cudon;890;3;204;;1.0;;0;0;1;0;0;0.0;alquiler por temporadas;False;True;False;False;False;False;False;False;False;False;0
Piso en Calle República de Colombia 19;Laredo;Zona Playa;600;1;58;9.0;1.0;1.0;0;0;0;0;0;1.0;larga estancia terraza;True;False;False;False;False;False;False;False;False;False;0
Estudio en Calle Espíritu Santo 2;Laredo;Centro;900;0;37;2.0;0.0;0.0;0;0;1;0;0;1.0;vacacional centro;True;False;False;False;False;False;False;False;True;False;0
Piso en Calle Villa de Foz 1;Laredo;Centro;3500;4;160;6.0;1.0;1.0;0;0;1;1;1;0.0;vacacional vistas mar;True;False;False;False;False;False;False;False;False;False;0
Chalet en Avenida Derechos Humanos 42;Laredo;El Puntal;3500;3;225;;1.0;;1;0;1;1;0;0.0;vacacional garaje;False;True;False;False;False;False;False;False;False;False;0
Estudio en Avenida Libertad El Puntal;Laredo;El Puntal;1360;0;40;1.0;1.0;1.0;0;0;1;0;0;1.0;100m playa;True;False;False;False;False;False;False;False;True;False;0
Chalet en Bareyo;Bareyo;Bareyo;1200;5;210;;1.0;;1;0;0;0;0;0.0;alquiler fijo;False;False;False;True;False;False;False;False;False;False;0
Piso en Santoña;Santoña;Santoña;750;3;100;3.0;1.0;0.0;1;0;0;0;0;1.0;nan;True;False;False;False;False;False;False;False;False;False;0
Piso en Pedro Camino Mijarazo 22;Ajo;Ajo;700;2;80;2.0;1.0;1.0;1;0;0;0;0;1.0;alquiler anual;True;False;False;False;False;False;False;False;False;False;0
Piso en Padre Ignacio Ellacuria;Laredo;Carlos V;4500;4;130;1.0;1.0;1.0;1;0;1;1;0;0.0;julio-agosto;True;False;False;False;False;False;False;False;False;False;1
Piso en Virgen del Carmen;Santoña;Santoña;900;3;95;3.0;1.0;1.0;1;0;1;0;0;1.0;septiembre-junio;True;False;False;False;False;False;False;False;False;False;0
Piso en República Colombia 18;Laredo;Zona Playa;1300;2;60;13.0;1.0;1.0;0;0;1;0;0;0.0;verano;True;False;False;False;False;False;False;False;False;False;1
Piso en Avenida Enrique Mowinkel 41;Laredo;Zona Playa;1100;1;51;3.0;1.0;1.0;0;0;1;0;1;1.0;vistas mar;True;False;False;False;False;False;False;False;False;False;0
Piso en Menendez Pelayo 29;Laredo;Centro;3300;2;74;2.0;1.0;1.0;0;0;1;1;0;0.0;puerto;True;False;False;False;False;False;False;False;False;False;0
Piso en Avenida Santander 9;Noja;Tregadin;700;2;60;1.0;1.0;1.0;1;0;1;0;0;1.0;septiembre-junio;True;False;False;False;False;False;False;False;False;False;0
Piso en Helgueras 14;Noja;Helgueras;700;2;85;1.0;1.0;1.0;0;0;1;0;0;1.0;septiembre-junio;True;False;False;False;False;False;False;False;False;False;0
Piso en Paseo Pereda 6;Santoña;Santoña;1100;1;80;2.0;1.0;1.0;1;0;0;0;1;1.0;vistas bahia;True;False;False;False;False;False;False;False;False;False;0
Piso en Calle Arna;Somo;Somo;600;2;59;0.0;1.0;0.0;1;0;1;0;0;1.0;curso escolar;True;False;False;False;False;False;False;False;False;False;0
Piso en Menendez Pelayo Centro;Laredo;Centro;2950;3;90;5.0;1.0;1.0;0;0;1;0;1;0.0;vistas puerto;True;False;False;False;False;False;False;False;False;False;0
Chalet en Calle la Brava 29;Noja;Ris;4100;5;320;;1.0;;1;0;1;1;0;0.0;vacacional lujo;False;False;False;False;True;False;False;False;False;False;0
Piso en Peñas Blancas;Somo;Somo;750;2;85;1.0;1.0;0.0;1;0;1;0;0;1.0;alquiler temporal;True;False;False;False;False;False;False;False;False;False;0
Piso en Calle Arna 1;Somo;Somo;1200;2;100;1.0;1.0;0.0;1;0;0;0;0;0.0;dúplex garaje;True;False;False;False;False;False;False;False;False;False;0
Piso en Calle Pintor Santiago Montes 3;Laredo;Centro;750;3;64;3.0;1.0;0.0;0;0;1;0;0;0.0;cerca playa;True;False;False;False;False;False;False;False;False;False;0
Piso en Zona Playa;Laredo;Zona Playa;3000;2;60;5.0;1.0;1.0;0;0;1;1;1;0.0;agosto lujo;True;False;False;False;False;False;False;False;False;False;1
Piso en Ris;Noja;Ris;800;2;75;1.0;1.0;0.0;1;0;1;0;0;1.0;vacacional;True;False;False;False;False;False;False;False;False;False;0
Piso en Calle la Costa 2;Noja;Tregadin;700;2;60;0.0;1.0;1.0;1;0;1;0;0;1.0;piscina;True;False;False;False;False;False;False;False;False;False;0
Piso en Calle el Saltillo 10;Noja;Helgueras;680;2;65;1.0;1.0;1.0;0;0;1;0;0;1.0;septiembre-junio;True;False;False;False;False;False;False;False;False;False;0
Piso en Avenida Benedicto Ruiz 948;Ajo;Ajo;900;2;70;1.0;1.0;0.0;0;0;1;0;1;0.0;piscina urbanización;True;False;False;False;False;False;False;False;False;False;0
Piso en El Puntal;Laredo;El Puntal;550;1;49;5.0;1.0;1.0;0;0;1;0;0;1.0;corta estancia;True;False;False;False;False;False;False;False;False;False;0
Chalet en Barrio Tres 23;Ajo;Ajo;990;4;140;;1.0;;0;0;1;0;0;0.0;temporal;False;False;False;False;True;False;False;False;False;False;0
Estudio en Avenida Francia 99;Laredo;El Puntal;600;0;35;8.0;1.0;1.0;0;0;1;0;1;1.0;vistas mar;True;False;False;False;False;False;False;False;True;False;0
Piso en Ca-324 1094;Miengo;Mogro;750;2;75;0.0;1.0;1.0;1;0;1;0;1;1.0;vistas mar;True;False;False;False;False;False;False;False;False;False;0
Piso en Carrero Blanco 3;Santoña;Santoña;850;1;78;1.0;1.0;0.0;0;0;1;0;1;1.0;vistas bahia;True;False;False;False;False;False;False;False;False;False;0
Piso en Avenida Derechos Humanos 28;Laredo;Zona Playa;2000;2;58;1.0;1.0;1.0;0;0;1;0;0;1.0;quincenas;True;False;False;False;False;False;False;False;False;False;1
Piso en Calle el Juncal 21;Loredo;Loredo;1600;2;71;1.0;1.0;1.0;1;0;1;1;0;0.0;lujo playa;True;False;False;False;False;False;False;False;False;False;0
Piso en Avenida Libertad 2;Laredo;El Puntal;2500;2;75;4.0;1.0;1.0;0;1;0;0;0;0.0;garaje opcional;True;False;False;False;False;False;False;False;False;False;0
Piso en Paseo Pereda 6;Santoña;Santoña;1400;2;90;5.0;1.0;1.0;1;0;1;0;1;1.0;vistas mar;True;False;False;False;False;False;False;False;False;False;0
Piso en Calle la Sierra 11;Noja;Ris;1700;2;70;0.0;1.0;1.0;1;0;1;0;1;1.0;primera linea;True;False;False;False;False;False;False;False;False;False;0
Piso en Avenida Santander 9;Noja;Tregadin;900;3;110;1.0;1.0;1.0;1;0;1;0;0;1.0;escolar;True;False;False;False;False;False;False;False;False;False;0
Piso en Calle Ría Cubas 6;Somo;Somo;850;2;60;0.0;1.0;0.0;1;0;1;0;0;1.0;jardin;True;False;False;False;False;False;False;False;False;False;0
Piso en Las Viñas 22;Noja;Helgueras;900;2;70;0.0;1.0;1.0;1;0;1;0;0;1.0;jardin playa;True;False;False;False;False;False;False;False;False;False;0
Piso en Avenida Carrero Blanco 43;Santoña;Santoña;2400;4;130;3.0;1.0;1.0;1;0;1;0;1;1.0;vistas bahia;True;False;False;False;False;False;False;False;False;False;0
Piso en Avenida Enrique Mowinkel 38;Laredo;Zona Playa;2500;1;35;2.0;1.0;1.0;0;0;1;0;0;1.0;primera linea;True;False;False;False;False;False;False;False;False;False;0
Piso en República Colombia Zona Playa;Laredo;Zona Playa;2800;2;60;14.0;1.0;1.0;0;0;1;0;1;1.0;vistas mar;True;False;False;False;False;False;False;False;False;False;0
Piso en Calle San Lorenzo 12;Laredo;Centro;1500;3;85;;1.0;0.0;0;0;1;0;0;0.0;centro verano;True;False;False;False;False;False;False;False;False;False;1
Piso en Helgueras 14;Noja;Helgueras;700;2;85;1.0;1.0;1.0;0;0;1;0;0;1.0;temporal;True;False;False;False;False;False;False;False;False;False;0
Piso en Paseo Trengandin;Noja;Tregadin;550;2;62;1.0;1.0;0.0;1;0;1;0;1;1.0;vistas mar;True;False;False;False;False;False;False;False;False;False;0
Piso en Avenida España;Laredo;Centro;1000;2;75;2.0;1.0;0.0;1;0;1;0;0;1.0;cerca playa;True;False;False;False;False;False;False;False;False;False;0
Chalet en Pintor Angel Alonso;Laredo;El Puntal;1450;4;200;;1.0;;1;0;0;0;0;0.0;nan;False;True;False;False;False;False;False;False;False;False;0
Piso en Paseo Maritimo Mogro;Miengo;Mogro;1000;2;80;1.0;1.0;0.0;1;0;1;0;0;1.0;vacacional;True;False;False;False;False;False;False;False;False;False;0
Piso en Calle la Paz 6;Santoña;Santoña;650;3;95;2.0;1.0;0.0;0;0;1;0;0;0.0;marzo-junio;True;False;False;False;False;False;False;False;False;False;1
Piso en Calle Jose Felipe Quijano 6;Torrelavega;Centro;580;1;45;3.0;1.0;0.0;0;0;0;0;0;1.0;centro peatonal;True;False;False;False;False;False;False;False;False;False;0
Chalet en Polanco;Polanco;Polanco;1750;4;150;;1.0;;1;0;1;0;0;0.0;temporal estudiantes;False;False;False;False;True;False;False;False;False;False;0
Casa rural en Diseminado Cos 5;Mazcuerras;Mazcuerras;2500;6;1430;;1.0;;0;0;0;0;0;0.0;opcion compra;False;False;False;False;False;True;False;False;False;False;0
Piso en Centro;Torrelavega;Centro;825;3;100;2.0;1.0;1.0;0;0;0;0;0;1.0;sin barreras;True;False;False;False;False;False;False;False;False;False;0
Piso en Barrio Cobreces 42;Alfoz de Lloredo;Cobreces;800;2;70;0.0;1.0;0.0;1;0;1;0;0;1.0;terraza piscina;True;False;False;False;False;False;False;False;False;False;0
Piso en Barrio las Lastras 24;Viveda;Viveda;625;2;60;1.0;1.0;0.0;0;0;1;0;0;1.0;temporal;True;False;False;False;False;False;False;False;False;False;0
Piso en Julio Ruiz Salazar 51;Torrelavega;Covadonga;900;3;75;2.0;1.0;0.0;0;0;0;0;0;1.0;solo empresas;True;False;False;False;False;False;False;False;False;False;0
Piso en Calle Pintor Modinos;Torrelavega;Centro;1000;3;89;1.0;1.0;1.0;0;0;1;0;0;1.0;temporal empresas;True;False;False;False;False;False;False;False;False;False;0
Casa en Barrio Cobreces;Alfoz de Lloredo;Cobreces;12472;4;274;;1.0;;1;0;1;1;1;0.0;vacacional lujo vistas;False;False;False;True;False;False;False;False;False;False;0
Piso en Calle Marcel Piron;Torrelavega;Barreda;850;4;89;1.0;1.0;0.0;0;0;0;0;0;1.0;nan;True;False;False;False;False;False;False;False;False;False;0
Piso en Plaza San Bartolome 9;Torrelavega;Barreda;1100;5;164;1.0;1.0;0.0;0;0;0;0;0;1.0;solo empresas;True;False;False;False;False;False;False;False;False;False;0
Piso en Joaquin Fernandez Vallejo 14;Torrelavega;Ciudad Nueva;1000;3;98;2.0;1.0;1.0;0;0;0;0;0;1.0;nan;True;False;False;False;False;False;False;False;False;False;0
Chalet en Barrio Cumbrales;Polanco;Polanco;800;2;82;;1.0;;1;0;0;0;0;0.0;piscina;False;True;False;False;False;False;False;False;False;False;0
Piso en Barrio las Quintas 20;Viveda;Viveda;550;2;50;0.0;1.0;0.0;0;0;0;0;0;1.0;temporal;True;False;False;False;False;False;False;False;False;False;0
Duplex en Barrio las Quintas 20;Viveda;Viveda;500;1;40;0.0;1.0;0.0;0;0;0;0;0;1.0;temporal;True;False;False;False;False;False;False;True;False;False;0
Piso en Sierrapando;Torrelavega;Sierrapando;630;1;62;1.0;1.0;1.0;0;0;0;0;0;1.0;alquiler fijo;True;False;False;False;False;False;False;False;False;False;0
Chalet en Urbanizacion Playa Cobreces;Alfoz de Lloredo;Cobreces;2500;4;130;;1.0;;0;0;1;0;1;0.0;vistas mar;False;False;False;False;True;False;False;False;False;False;0
Estudio en Barrio Viallan 254;Alfoz de Lloredo;Oreña;600;0;60;1.0;1.0;0.0;0;0;1;0;0;1.0;turistico;True;False;False;False;False;False;False;False;True;False;0
Piso en Calle Valle Campoo;Torrelavega;Ciudad Nueva;620;2;60;2.0;1.0;0.0;0;0;0;0;0;1.0;nan;True;False;False;False;False;False;False;False;False;False;0
Chalet en Barrio Mar 13;Polanco;Polanco;1750;4;170;;1.0;;1;0;0;0;0;0.0;nan;False;True;False;False;False;False;False;False;False;False;0
Casa en Polanco;Polanco;Polanco;990;3;217;;1.0;;0;0;1;0;0;0.0;temporal;False;False;False;True;False;False;False;False;False;False;0
Atico en Barrio Alto Torres 29;Torrelavega;Torres;900;2;160;1.0;1.0;0.0;1;0;0;0;0;1.0;gran terraza;True;False;False;False;False;False;False;False;False;True;0
Casa en Alfoz Lloredo;Alfoz de Lloredo;Alfoz;7301;3;184;;1.0;;1;0;1;1;0;0.0;vacacional lujo;False;False;False;True;False;False;False;False;False;False;0
Piso en Padre Rabago;Torrelavega;Barreda;850;2;75;5.0;1.0;1.0;0;0;0;0;0;1.0;personal sanitario;True;False;False;False;False;False;False;False;False;False;0
Piso en Centro;Torrelavega;Centro;1000;3;90;2.0;1.0;1.0;0;0;1;0;0;1.0;temporal empresas;True;False;False;False;False;False;False;False;False;False;0
Piso en Ciudad Vergel;Torrelavega;Ciudad Vergel;950;2;60;1.0;1.0;0.0;0;0;1;0;0;1.0;temporal;True;False;False;False;False;False;False;False;False;False;0
Piso en Avenida Solvay 2;Torrelavega;Barreda;900;3;96;0.0;1.0;1.0;0;0;1;0;0;1.0;temporal;True;False;False;False;False;False;False;False;False;False;0
Estudio en Raimundo Cicero 1;Torrelavega;Zapaton;800;0;70;0.0;1.0;0.0;0;0;0;0;0;1.0;reformado;True;False;False;False;False;False;False;False;True;False;0
Piso en Antigua Ferretera 1;Torrelavega;Barreda;800;3;96;0.0;1.0;1.0;0;0;1;0;0;1.0;temporal;True;False;False;False;False;False;False;False;False;False;0
Piso en Viveda;Viveda;Viveda;590;2;45;0.0;1.0;0.0;1;0;1;0;0;1.0;temporal;True;False;False;False;False;False;False;False;False;False;0
Piso en El Parque Zapaton;Torrelavega;Zapaton;990;3;120;1.0;1.0;1.0;0;0;0;0;0;1.0;duplex;True;False;False;False;False;False;False;False;False;False;0
Piso en Cartes;Cartes;Cartes;620;2;80;0.0;1.0;1.0;0;0;1;0;0;1.0;temporal;True;False;False;False;False;False;False;False;False;False;0
Piso en Joaquin Cayon 14;Torrelavega;Zapaton;850;3;90;3.0;1.0;1.0;0;0;0;0;0;1.0;nan;True;False;False;False;False;False;False;False;False;False;0
Piso en Parque 1;Torrelavega;Centro;825;1;65;2.0;1.0;1.0;0;0;0;0;0;1.0;nan;True;False;False;False;False;False;False;False;False;False;0
Piso en Jose Maria Pereda 27;Torrelavega;Zapaton;750;1;45;3.0;1.0;1.0;0;0;1;0;0;1.0;septiembre-junio;True;False;False;False;False;False;False;False;False;False;0
Casa en Barrio Canales 49;Udias;Udias;580;1;55;;1.0;;1;0;1;0;1;0.0;vistas mar;False;False;True;False;False;False;False;False;False;False;0
Casa rural en Autovia 634;Reocin;Caranceja;750;2;100;;1.0;;1;0;1;0;0;0.0;rural;False;False;False;False;False;True;False;False;False;False;0
Piso en Villapresente;Villapresente;Villapresente;690;3;97;0.0;1.0;0.0;0;0;0;0;0;1.0;nan;True;False;False;False;False;False;False;False;False;False;0
Casa en Barrio Valles;Reocin;Reocin;850;4;144;;1.0;;0;0;1;0;0;0.0;temporal;False;False;True;False;False;False;False;False;False;False;0
Piso en Barrio Cobreces 6;Alfoz de Lloredo;Cobreces;700;3;70;2.0;1.0;0.0;0;0;1;0;0;1.0;temporal;True;False;False;False;False;False;False;False;False;False;0
Piso en Julian Ceballos 1;Torrelavega;Centro;750;3;90;3.0;1.0;1.0;0;0;0;0;0;1.0;nan;True;False;False;False;False;False;False;False;False;False;0
Casa rural en Quijas;Reocin;Quijas;750;1;45;;1.0;;0;0;1;0;0;0.0;duplex;False;False;False;False;False;True;False;False;False;False;0
Chalet en Urb Pico Torre;Cabezon de la Sal;Cabezon;1300;4;244;;1.0;;1;0;0;0;0;0.0;nan;False;True;False;False;False;False;False;False;False;False;0
Casa en Udias;Udias;Udias;800;2;85;;1.0;;0;0;1;0;0;0.0;temporal;False;False;False;True;False;False;False;False;False;False;0
Chalet en Barrio Sierrapando;Torrelavega;Tanos;850;2;60;;1.0;;0;0;1;0;0;0.0;temporal;False;True;False;False;False;False;False;False;False;False;0
