id,tipo_inmueble,titulo,municipio,zona,precio_mensual_eur,habitaciones,superficie_m2,planta,exterior,ascensor,garaje_incluido,garaje_opcional,temporada,lujo,vistas_mar,amueblado,observaciones
1,Piso,Piso en los Pinares,Santander,Los Castros,850,3,63,1,1,1,0,0,1,0,0,null,Curso escolar 2026-27 reformado
2,Piso,Piso Calleja Norte,Santander,El Sardinero,1400,3,107,3,1,1,1,0,0,0,1,null,Terraza vistas mar urbanización privada
3,Piso,Piso República de Colombia,Laredo,Zona Playa,600,1,58,9,1,1,0,0,0,0,0,1,Larga temporada terraza
4,Chalet independiente,Barrio de la Molina,Comillas,,5000,6,392,null,null,null,1,0,1,1,0,null,Parcela 804 m2
5,Estudio,Espíritu Santo,Laredo,Centro,900,0,37,2,0,0,0,0,1,0,0,null,Vacacional sin ascensor
6,Chalet pareado,Polanco,Polanco,,1750,4,150,null,null,null,1,0,1,0,0,null,Temporal estudiantes
7,Ático,Puerto Chico,Santander,Puerto Chico,575,1,50,4,null,null,0,0,0,0,0,null,Estado bueno
8,Chalet pareado,Luis Buñuel,Santander,Peñacastillo,1300,3,150,null,null,null,1,0,0,0,0,null,Fianza + seguro impago
9,Piso,San Andrés,Castro-Urdiales,Cotolino,625,1,47,1,1,1,0,0,0,0,0,null,Cerca playa Brazomar
10,Piso,Cuatro Caminos,Santander,Cuatro Caminos,800,2,90,2,1,0,0,0,0,0,0,null,Sin ascensor
11,Piso,Calle el Recial,Santander,Valdenoja,1100,3,115,2,1,1,1,0,0,0,0,null,Reformado trastero
12,Piso,Floranes,Santander,Numancia-San Fernando,850,2,67,4,1,1,0,0,0,0,0,null,Max 2 personas
13,Piso,Ruiz Zorrilla,Santander,Castilla-Hermida,850,3,115,1,1,1,0,0,0,0,0,null,Alquiler fijo
14,Piso,Magallanes,Santander,Numancia-San Fernando,870,2,65,2,1,1,0,0,0,0,0,null,
15,Chalet independiente,Barrio Aguilera,Piélagos,Parbayón,2300,3,252,null,null,null,1,0,1,0,0,null,Parcela 5000 m2
16,Dúplex,Amos de Escalante,Santander,Centro-Ayuntamiento,950,2,80,7,1,1,0,0,0,0,0,null,
17,Piso,Francisco Palazuelos,Santander,General Dávila,3000,3,75,0,1,0,0,0,1,1,0,null,Quincenas julio-agosto
18,Piso,Paseo Menéndez Pelayo,Santander,Puerto Chico,850,1,50,2,1,1,1,0,0,0,0,null,Apartamento
19,Piso,Calle de la Ronda,Castro-Urdiales,Centro,1100,3,90,4,1,1,1,0,1,0,0,null,Hasta junio
20,Piso,Calle Bonifaz,Santander,Puerto Chico,800,1,55,5,1,1,0,0,0,0,0,null,
21,Piso,Avenida de Bilbao,Camargo,Muriedas,750,2,60,2,1,1,1,0,0,0,0,null,
22,Piso,José Simón Cabarga,Santander,El Sardinero,1100,2,80,5,1,1,0,1,0,0,0,null,Garaje opcional 100€
23,Chalet independiente,Bo Liandres,Ruiloba,,6000,5,450,null,null,null,1,0,1,1,1,null,No agosto parcial
24,Chalet independiente,Barrio Sangazo,Castro-Urdiales,Sámano,1200,3,215,null,null,null,1,0,0,0,0,null,
25,Ático,Calle Burgos,Santander,Numancia-San Fernando,650,1,45,5,1,0,0,0,0,0,0,null,Sin ascensor
26,Piso,Villa de Foz,Laredo,Centro,3500,4,160,6,1,1,0,0,1,1,1,null,Agosto 3000 quincena
27,Chalet adosado,Derechos Humanos,Laredo,El Puntal,3500,3,225,null,null,null,1,0,1,1,0,null,Vacacional
28,Estudio,Avenida Libertad,Laredo,El Puntal,1360,0,40,1,1,1,0,0,1,0,0,null,
29,Chalet independiente,Bareyo,Bareyo,Güemes,1200,5,210,null,null,null,1,0,0,0,0,null,Fijo anual
30,Piso,Santoña,Santoña,,750,3,100,3,1,0,1,0,0,0,0,null,
31,Piso,Rosalía de Castro 13,Santander,Peñacastillo-Nuevamontaña,1200,3,90,4,1,1,1,0,0,0,0,null,Obra nueva a estrenar Edificio Copérnico alquiler fijo posible amueblado
32,Piso,Paseo General Dávila-Grupo San Francisco 6,Santander,Los Castros,800,2,57,0,1,0,0,0,0,0,0,1,Bajo con entrada independiente amueblado pide solvencia/aval
33,Piso,Fernández de Isla 5,Santander,Centro-Ayuntamiento,1000,4,100,4,1,0,0,0,0,0,0,null,Sin ascensor 4 dormitorios
34,Piso,Calle de la Arnia,Santa Cruz de Bezana,Soto de la Marina,900,2,55,0,1,0,1,0,1,0,0,null,No fijo temporal estudio/trabajo
35,Piso,Lavapiés,Santander,Alisal-Cazoña-San Román,1065,3,120,1,1,1,0,0,1,0,0,null,Hasta junio 2026 alquiler temporal
36,Piso,Ría de Solía,El Astillero,,800,2,80,0,1,1,0,0,0,0,0,null,Bajo con ascensor no mascotas
37,Piso,Gravina,Santander,Centro-Ayuntamiento,975,2,91,2,1,0,0,0,0,0,0,null,Piso vacío junto Biblioteca
38,Casa independiente,Barrio Rubárcena 15D,Comillas,,900,2,70,null,null,null,0,0,1,0,0,null,Casa diseño nueva alquiler temporada terraza 6m2
39,Piso,Churruca,El Astillero,,760,2,54,3,1,0,0,0,0,0,0,null,Larga duración sin ascensor
40,Piso,Ernest Lluch,Santander,La Pereda-Valdenoja,1400,2,91,1,1,1,1,0,1,1,0,null,Alquiler temporada sep 2026-jun 2027 lujo
41,Piso,Juan Guerrero Urreisti 17,Santander,Peñacastillo-Nuevamontaña,650,1,35,2,1,0,0,0,0,0,0,null,Apartamento reformado sin ascensor
42,Piso,Avenida de los Castros,Santander,Los Castros,840,3,80,4,1,1,0,0,0,0,0,null,Larga estancia cerca universidades Valdecilla
43,Piso,Pedro del Camino Mijarazo 22,Ajo,,700,2,80,2,1,1,1,0,0,0,0,null,Alquiler anual terraza garaje cerrado
44,Piso,Cuesta del Hospital,Santander,Centro-Ayuntamiento,1500,3,73,4,1,0,0,0,0,0,0,null,Tecnocasa sin ascensor
45,Piso,Miguel de Unamuno,Santander,Los Castros,1100,3,109,2,1,1,0,0,0,0,0,null,Descripción no incluida en el texto
46,Ático,Miguel Hernández,El Astillero,,850,2,75,8,1,1,0,0,0,0,0,null,Tres terrazas cocina equipada
47,Piso,Avenida del Deporte,Santander,Alisal-Cazoña-San Román,1500,5,105,4,1,0,0,0,1,0,0,null,Temporal consultar periodos 3 baños reformado
48,Piso,Siervas de Jesús,Castro-Urdiales,Playa Ostende,925,3,107,2,1,1,1,0,0,0,0,null,Larga estancia fianza+garantía no mascotas
49,Piso,Alcalde Vega Lamera 5,Santander,El Sardinero,1500,2,80,2,1,1,0,0,1,0,0,null,Temporada reformado integral urbanización jardín
50,Piso,Avenida Manuel García Lago,Santander,El Sardinero,3500,3,143,5,1,1,1,0,0,1,1,1,Fijo actualmente amueblado primera línea vistas al mar
51,Ático,Ataulfo Argenta 56,Santander,Puerto Chico,1000,1,50,5,1,1,0,0,0,0,0,null,Alquiler fijo centro
52,Chalet pareado,Avenida de Valdecilla,Santander,Cuatro Caminos,1500,3,161,null,null,null,1,0,0,0,0,null,Chalet con jardín en ciudad
53,Ático,Ernest Lluch 5a,Santander,La Pereda-Valdenoja,980,1,70,6,1,1,1,0,0,0,0,1,Rebajado 1050->980 semi amueblado disponible 15 feb
54,Piso,León Felipe 8,Santander,Puerto Chico,950,1,60,4,1,1,1,0,0,0,0,null,Rebajado 1000->950 apartamento con garaje
55,Chalet independiente,Avenida Juan de Herrera,Santa Cruz de Bezana,Maoño,4500,5,514,null,null,null,1,0,0,1,0,null,Lujo parcela >3000m2 piscina/barbacoa
56,Piso,Blas Cabrera,Santander,Los Castros,870,3,100,3,1,1,0,0,1,0,0,null,Temporal sep-jun frente universidades
57,Piso,Alcalde Vega Lamera 5 (2),Santander,El Sardinero,3000,2,80,2,1,1,0,0,1,1,0,null,Temporada lujo (mismo portal que id 49 distinto precio)
58,Ático,Isaac Peral,Suances,,2700,3,112,2,1,0,1,0,1,0,0,null,Temporal precios por mes (texto menciona 2025)
59,Chalet independiente,Calle San Pedro,Limpias,,1200,3,158,null,null,null,0,0,0,0,0,null,Chalet individual urbanización privada
60,Piso,El Mansín 21,Santander,Cueto-Valdenoja-La Pereda,1500,3,136,1,1,1,1,0,0,0,0,null,Sin mobiliario terraza piscina pádel disponible fijo abril
61,Piso,Silvestre Ochoa,Castro-Urdiales,Playa Ostende,850,1,61,"entreplanta",1,1,1,0,0,0,1,null,Primera línea de playa SOLO FUNCIONARIOS
62,Piso,Melitón Pérez del Camino 5,Castro-Urdiales,Centro,750,1,49,3,1,0,0,0,0,0,0,null,Solo funcionarios no fumadores sin mascotas loft reformado
63,Piso,Paseo Menéndez Pelayo,Brazomar (Castro-Urdiales),Brazomar,1100,3,100,2,1,1,1,0,0,0,0,null,Larga estancia requisitos seguro ingresos >=3300
64,Chalet adosado,Barrio de Santullán 47C,Castro-Urdiales,Mioño-Santullán,1100,3,160,null,null,null,1,0,0,0,0,null,Adosado con jardín terraza piscina comunitaria no mascotas
65,Piso,Avenida Reina Victoria 47,Santander,Puerto Chico,950,1,75,5,1,1,0,0,0,0,0,null,Reformado altas calidades disponible fijo
66,Piso,Calle Vargas,Santander,Numancia-San Fernando,850,2,101,2,1,0,0,0,0,0,0,null,Recién reformado sin ascensor
67,Piso,Paseo de Altamira,Santander,General Dávila,1200,1,65,2,1,0,1,0,0,0,0,null,Fijo terraza orientación sur garaje en edificio
68,Piso,Marqués del Arco,Santander,Centro-Ayuntamiento,1850,3,182,6,1,1,0,0,0,0,0,null,Piso alta calidad muy amplio
69,Piso,Avenida Maura,Santander,El Sardinero,975,3,80,1,1,1,1,0,1,0,0,null,Temporal curso 2026-27 no fijo
70,Piso,Camilo Alonso Vega,Santander,Cuatro Caminos,1400,4,170,5,1,1,0,0,0,0,0,null,Larga duración actualizado 2 vestidores
71,Piso,Fernando de los Ríos,Santander,Los Castros,675,2,50,2,1,1,0,0,1,0,0,1,Temporal curso 2026-27 amueblado
72,Piso,Padre Ignacio Ellacuría,Laredo,Carlos V,4500,4,130,1,1,1,1,0,1,1,0,null,Temporada julio/agosto lujo
73,Piso,Virgen del Carmen,Santoña,,900,3,95,3,1,1,1,0,1,0,0,null,Temporal septiembre-junio
74,Casa independiente,Barrio Rada 70,Voto,,1400,4,190,null,null,null,0,0,0,0,0,null,Larga temporada
75,Piso,Cataluña 4,Los Corrales de Buelna,,650,2,71,0,1,0,0,0,0,0,0,null,Bajo a estrenar
76,Piso,José Felipe Quijano 6,Torrelavega,Centro,580,1,45,3,1,0,0,0,0,0,0,null,Apartamento/estudio centro
77,Piso,República de Colombia (quincena julio),Laredo,Zona Playa,2200,2,65,14,1,1,0,0,1,0,0,null,Temporada quincenas julio
78,Piso,República de Colombia (apto 47m2),Laredo,Zona Playa,3200,1,47,7,1,1,1,0,0,0,0,null,Apartamento cerca playa garaje incluido (temporal implícito)
79,Piso,Lope de Vega 18,Santander,Puerto Chico,1300,3,113,4,1,1,0,0,0,0,0,null,Centro cerca Paseo Pereda
80,Piso,República de Colombia (apto 60m2),Laredo,Zona Playa,3300,2,60,5,1,1,0,0,1,1,0,null,Temporada lujo apartamento reformado
81,Piso,Avenida de la Libertad 1,Laredo,El Puntal,1700,3,75,3,1,1,0,0,1,0,1,null,Verano quincenas rebaja 1900->1700 vistas mar
82,Piso,Avenida de la Libertad 80,Laredo,El Puntal,1100,1,50,2,1,1,0,0,1,0,0,null,Verano quincenas rebaja 1200->1100
83,Piso,Maximino Basoa Ojeda 4,Laredo,Centro,1400,2,48,3,null,0,0,0,1,0,0,1,Verano reformado amueblado sin ascensor
84,Piso,Centro (julio completo),Laredo,Centro/El Puntal?,3300,2,80,3,null,1,1,0,1,0,0,null,Julio 3300 agosto 3800 (temporal)
85,Estudio,Zona Playa (larga duración),Laredo,Zona Playa,650,1,35,2,null,1,0,0,0,0,0,null,Primera línea playa larga duración solvencia
86,Piso,Menéndez Pelayo 7,Laredo,Centro,2200,4,184,4,1,1,0,0,1,0,0,null,Verano quincenas
87,Casa independiente,Doctor Senderos 11,Laredo,Carlos V,7000,4,221,null,null,null,1,0,1,1,1,null,Verano julio 7000 vistas mar lujo primera línea
88,Chalet,Av. Derechos Humanos 58,Laredo,El Puntal,2800,4,155,null,null,null,1,0,1,0,0,null,Verano quincenas
89,Piso,Avenida de Francia 122b,Laredo,El Puntal,3800,3,70,4,1,1,0,0,1,1,1,null,Verano primera línea vistas mar lujo
90,Piso,Avenida de Francia 99,Laredo,El Puntal,2500,3,120,8,null,1,0,0,1,0,0,null,Temporal junio y septiembre vistas mar
91,Piso,San Lorenzo 9,Laredo,Centro,1200,2,70,1,null,0,0,0,1,0,0,null,Verano quincenas sin ascensor
92,Piso,Centro (larga duración),Laredo,Centro,1100,3,100,2,null,1,0,0,0,0,0,null,Larga duración solvencia
93,Piso,Lealtad 20,Santander,Centro-Ayuntamiento,1600,4,122,7,1,1,0,0,0,0,0,null,A estrenar / reformado (ojo posible duplicado con otro Lealtad 20)
94,Piso,Zona Playa (invierno hasta junio),Laredo,Zona Playa,650,2,60,15,null,1,0,0,1,0,0,null,Temporada invierno hasta junio terraza
95,Ático,Zona Playa (enero-mayo),Laredo,Zona Playa,680,1,30,16,null,1,1,0,1,0,0,null,Temporal enero-mayo gran terraza 30m2
96,Casa independiente,Poblado Adal 78a,Barcena de Cicero,Treto,1500,3,396,null,null,null,1,0,1,0,0,null,Temporal vistas bahía
97,Chalet adosado,Ría de Solía,El Astillero,,1200,4,180,null,null,null,1,0,0,0,0,null,Adosado con jardín 37m2
98,Piso,Bajada de la Encina,Santander,Los Castros,1200,2,70,null,null,1,0,0,1,0,0,1,Spotahome gastos incluidos (agua luz gas wifi) amueblado
99,Piso,República de Colombia 18,Laredo,Zona Playa,1300,2,60,13,1,1,0,0,1,0,0,null,Verano quincenas apartamento reformado
100,Casa independiente,Voto (chalet con piscina),Voto,,2500,3,140,null,null,null,1,0,1,0,0,null,Quincenas piscina reformado
101,Piso,Espíritu Santo 10,Laredo,Centro,900,1,50,1,1,0,0,0,1,0,0,null,Verano quincenas sin ascensor
102,Piso,Enrique Mowinkel 41,Laredo,Zona Playa,1100,1,51,3,null,1,0,0,1,0,1,null,Verano quincenas vistas mar
103,Piso,Menéndez Pelayo 29,Laredo,Centro,3300,2,74,2,1,1,0,0,1,1,0,null,Temporal lujo (ojo: precio parece incoherente con “2ª quincena 1650”)
104,Piso,Diseminado Laredo 1002,Laredo,El Puntal,1800,2,67,5,null,1,0,0,1,0,1,null,Verano quincenas vistas mar primera línea
105,Casa independiente,San Pantaleón de Areas Voto 83,Voto,,2200,4,333,null,null,null,1,0,0,0,0,null,Casa entorno natural
106,Piso,Gándara 14,Santander,Puerto Chico,1000,2,77,1,1,1,0,0,0,0,0,1,Reformado y amueblado
107,Piso,San Lorenzo 12,Laredo,Centro,1500,3,85,null,1,0,0,0,1,0,0,null,Verano sin ascensor
108,Finca rústica,Cabaña en Liendo,Liendo,,870,2,60,null,null,null,0,0,1,0,0,null,Cabaña madera temporal hasta junio
109,Piso,Lealtad (Engel & Völkers),Santander,Centro-Ayuntamiento,1600,4,122,7,1,1,0,0,0,0,0,null,Mismo inmueble probable que Lealtad 20 (duplicado por agencia)
110,Chalet independiente,Mompía,Santa Cruz de Bezana,Mompía,2000,3,330,null,null,null,1,0,0,0,0,null,Chalet con terreno buen acceso autovía
111,Piso,Avenida de Pontejos,Santander,Los Castros,1200,2,89,8,1,1,1,0,0,0,1,null,Fijo piso vacío vistas mar
112,Piso,Calle las Marzas,Santander,General Dávila,850,2,77,1,1,1,0,0,0,0,0,null,Fijo personal sanitario o desplazado por trabajo
113,Piso,Ruiz Zorrilla (temporal),Santander,Castilla-Hermida,900,3,93,6,null,1,0,0,1,0,0,null,Temporal hasta 30/06/2026 o curso 26-27
114,Piso,Fernando de los Ríos (verano),Santander,Los Castros,2000,2,71,4,1,1,0,0,1,0,0,null,Temporal verano
115,Piso,Fernández Rañada 16,Solares,,750,3,115,0,1,1,1,0,1,0,0,null,Temporal bajo con jardín ~300m2 rebaja 800->750
116,Chalet pareado,El Nogalón 10,Molledo,,1200,3,82,null,null,null,1,0,0,0,0,1,Alquiler fijo equipado
117,Estudio,Herrera Oria 23 (residencia),Santander,Alisal-Cazoña-San Román,849,0,25,3,1,1,0,0,1,0,0,null,Residencia estudiantes alojamiento temporal
118,Piso,Avenida de los Castros (EC Inmobiliaria),Santander,Los Castros,850,3,91,0,1,0,0,0,1,0,0,null,Temporal escolar hasta junio 2027
119,Piso,Rucabao 9,Santa María de Cayón,Sarón,625,2,75,1,1,0,1,0,0,0,0,null,Fijo incluye garaje+trastero (texto dice sin ascensor pero también “edificio con ascensor”: inconsistencia)
120,Estudio,Juan de Garay 4 (loft),Santander,Numancia-San Fernando,900,1,50,0,1,0,0,0,0,0,0,null,Local reconvertido techos altos reformado 2024 (texto menciona 60m2: inconsistencia con 50m2)
121,Ático,Paseo de la Estación 4,Solares,,600,1,57,"ático",1,0,0,0,0,0,0,1,Amueblado terraza 18m2 (ojo: ficha dice bajo)
122,Piso,Cuatro Caminos (147m2),Santander,Cuatro Caminos,850,3,147,8,1,1,0,0,0,0,0,null,Exclusivo personal sanitario cerca Valdecilla
123,Piso,Avenida Alisas 13,Solares,,575,1,48,1,1,0,0,0,0,0,0,1,Texto dice que dispone de ascensor pero cabecera dice sin ascensor -> ascensor=null recomendado
124,Piso,Calle Honduras,Santander,Los Castros,1150,3,118,6,1,1,1,0,0,0,0,null,2 hab + sala convertible a 3ª orientación sur
125,Piso,Avenida Enrique Mowinkel (dúplex julio),Laredo,Zona Playa,3300,2,75,5,1,1,0,0,1,1,1,null,Solo julio mes segunda línea vistas mar lujo
126,Piso,Barrio Entrambasaguas 86,Entrambasaguas,,790,2,104,0,1,1,1,0,0,0,0,1,Bajo con terraza >30m2 amueblado salvo 2ª hab
127,Piso,Paseo de Altamira (78m2),Santander,General Dávila,1000,2,78,4,1,1,0,0,0,0,0,null,
128,Piso,Calle Valdenoja (hasta 30/06/2026),Santander,Valdenoja,900,2,78,1,1,1,0,0,1,0,0,1,Temporal hasta 30 junio 2026 rebaja 1000->900
129,Piso,Fernández Rañada 3,Solares,,650,2,73,3,1,1,0,0,0,0,0,null,Incluye despacho no mascotas condiciones: fianza+mes+seguro
130,Piso,Zona Playa (quincenas julio bajas),Laredo,Zona Playa,1600,1,65,3,null,1,0,0,1,0,1,null,Precio no comparable: indica quincenas (deberías normalizar a €/día o €/quincena)
131,Piso,Padre Ignacio Ellacuría 14,Laredo,Centro,2250,2,80,2,null,1,0,0,1,0,1,null,Temporal 1ª quincena agosto
132,Ático,Acacio Gutiérrez 138 (hasta junio),Suances,,1500,3,128,4,1,0,1,0,1,0,1,null,Temporal hasta junio primera línea mar
133,Ático,Acacio Gutiérrez 138 (sin marcar temporal),Suances,,2000,3,128,4,1,0,1,0,0,0,1,null,Mismo inmueble probable que id 132 con precio distinto (duplicado)
134,Piso,Miralmar,Santander,General Dávila,850,3,78,1,1,0,0,0,0,0,0,null,Rebaja 950->850 sin ascensor
135,Chalet pareado,Barrio Rivas,Guarnizo,,1200,3,110,null,null,null,1,0,0,0,0,null,Semi-amueblado
136,Piso,José Simón Cabarga 4b,Santander,Los Castros,940,3,88,7,1,1,1,0,0,0,1,null,Larga estancia vistas mar
137,Piso,Paseo Canalejas,Santander,Puerto Chico,850,2,70,2,1,0,0,0,0,0,0,null,Sin amueblar sin ascensor
138,Piso,Av Menéndez Pelayo (Muriedas),Camargo,Muriedas,900,3,81,3,1,1,0,0,0,0,0,1,Amueblado
139,Piso,Joaquín Costa (urbanización privada),Santander,El Sardinero,900,2,60,1,1,0,0,0,0,0,0,1,Aparcamiento urbanización
140,Piso,Marqués de Valdecilla (Soto),Santa Cruz de Bezana,Soto de la Marina,900,2,80,2,1,1,1,0,0,0,0,1,Amueblado
141,Piso,Pinares (temporal julio),Santander,Los Castros,2650,3,63,3,1,0,0,0,1,0,0,1,Temporal desde 3 julio precio vacacional (no comparable €/mes)
142,Estudio,Juan Garay 4 (loft 65m2),Santander,Numancia-San Fernando,950,1,65,0,1,0,0,0,0,0,0,null,Parece el mismo que id 120 pero con datos distintos (duplicado probable)
143,Piso,Valdenoja 39,Santander,Valdenoja,1300,3,108,5,1,1,1,0,0,0,1,1,Rebaja 1500->1300 amueblado vistas mar
144,Piso,Miguel Delibes 4 (Suances),Suances,,6500,3,80,1,1,1,1,0,1,1,0,null,Temporal lujo cerca playa (precio vacacional)
145,Ático,La Calleja 32 (Soto),Santa Cruz de Bezana,Soto de la Marina,900,3,125,3,1,1,1,0,1,0,0,null,Temporal hasta junio 2026 ático con terraza
146,Piso,Calle del Monte,Santander,Centro-Ayuntamiento,1070,1,50,2,1,0,0,0,0,0,0,null,Fijo sin muebles (salvo cocina)
147,Piso,Avenida de Valdecilla 1,Santander,Cuatro Caminos,1200,3,111,1,1,1,0,1,0,0,0,null,Solo sanitario/funcionarios garaje opcional 100€
148,Piso,Francisco Tomás y Valiente, Santander,Santander,Peñacastillo-Nuevamontaña,1200,3,110,1,1,1,1,0,0,0,0,null,Sin muebles salvo cocina disponible feb 2026
149,Dúplex,Bo Puente (Oruña),Piélagos,Oruña,750,3,121,1,1,0,1,0,0,0,0,null,Rebaja 800->750 sin ascensor
150,Piso,Avenida Reina Victoria (Arrenda),Santander,Puerto Chico,900,2,75,3,1,1,0,0,0,0,0,1,Amueblado reformado
151,Piso,Calle de la Arnia (ACERO),Santa Cruz de Bezana,Soto de la Marina,900,1,60,"entreplanta",1,0,0,0,0,0,0,1,Amueblado baño reformado trastero
152,Piso,Isla del Castro (Soto),Santa Cruz de Bezana,Soto de la Marina,1500,3,120,3,1,1,1,0,1,0,0,null,Temporal obra nueva alto standing
153,Piso,Avenida Reina Victoria (nuevo 2 hab),Santander,Puerto Chico,1300,2,89,1,1,1,0,0,0,0,1,null,Obra nueva sin amueblar vistas bahía
154,Piso,Avenida de los Castros 39,Santander,Los Castros,900,1,58,2,1,1,1,0,0,0,0,null,Con garaje (ojo: “Sardinero” en texto pero zona Los Castros)
155,Piso,Calle Guevara,Santander,Centro-Ayuntamiento,1400,4,117,5,1,1,0,0,1,0,0,null,Temporal centro junto Paraninfo
156,Ático,Urbanización Portonovo (Soto),Santa Cruz de Bezana,Soto de la Marina,900,2,72,1,1,1,1,0,0,0,0,1,Amueblado
157,Piso,República de Costa Rica (Laredo),Laredo,Zona Playa,750,2,78,4,1,0,1,0,0,0,0,null,Larga estancia vivienda habitual disponible 1 marzo
158,Piso,Paseo de Altamira 11 (hasta junio),Santander,General Dávila,850,2,86,2,1,1,1,0,1,0,1,1,Temporal hasta junio vistas bahía rebaja 950->850
159,Piso,Virgen Paloma (Inmosantander),Santander,Numancia-San Fernando,800,3,79,4,1,0,0,0,0,0,0,null,Semi-amueblado sin ascensor
160,Piso,Paseo Canalejas (Eurocasa),Santander,Puerto Chico,1500,3,101,2,1,1,0,0,0,0,0,null,Reformado
161,Piso,Menéndez Pelayo 2 (Inmob. Montaña),Santander,Puerto Chico,1500,3,113,3,1,1,0,0,0,0,0,null,Fijo diseño reformado eficiencia alta
162,Piso,República de Guatemala (Laredo),Laredo,Zona Playa,2000,2,80,5,1,1,0,0,1,0,1,null,Temporal verano 2026 vistas mar
163,Piso,Pérez Galdós (Inmosantander),Santander,El Sardinero,1975,3,160,3,1,1,1,0,0,0,0,null,Urbanización privada conserje jardines
164,Casa independiente,Barrio la Cotera,Villaescusa,,2200,5,300,null,null,null,1,0,0,0,0,null,Villa finca 1700m2 piscina
165,Caserón,Bo Arriba 28,Valderredible,,2800,4,268,null,null,null,1,0,1,0,0,null,Temporal casa rural
166,Piso,Castilla-Hermida (Valdecilla),Santander,Castilla-Hermida,850,2,89,1,1,1,0,0,0,0,0,null,Exclusivo personal Valdecilla rebaja 930->850
167,Piso,Peñas Redondas,Santander,Numancia-San Fernando,750,3,59,5,1,0,0,0,1,0,0,null,Temporal sep-jun sin ascensor
168,Ático,Industria 58,El Astillero,,590,1,49,4,1,1,0,0,0,0,0,1,Fijo ático amueblado terraza
169,Ático,General Dávila (Habita),Santander,General Dávila,900,2,70,5,1,1,0,0,1,0,0,null,Temporal urbanización privada vistas bahía
170,Estudio,Avenida de Francia (Laredo),Laredo,El Puntal,600,0,30,10,1,1,0,0,0,0,0,null,Fijo loft reformado 2ª línea playa
171,Piso,Monte la Torre (Monte),Santander,Monte,1350,2,64,2,1,1,0,0,1,0,0,null,Temporal por días/semanas/meses -> no comparable €/mes
172,Piso,Calle Vargas (PAS),Santander,Numancia-San Fernando,950,3,70,12,1,1,0,0,0,0,0,null,Seguro impago
173,Casa independiente,Allendelagua 17,Castro-Urdiales,Oriñón-Allendagua,1200,3,140,null,null,null,0,0,1,0,1,null,Temporal casa piedra vistas mar
174,Piso,Ruiz Zorrilla (Habita),Santander,Castilla-Hermida,700,2,72,5,1,1,0,0,1,0,0,null,Temporal
175,Casa rural,Diseminado Cos 5,Mazcuerras,,2500,6,1430,null,null,null,0,0,0,0,0,null,Opción compra (no es alquiler estándar) superficie parcela enorme
176,Chalet adosado,CL Quevia,Maliaño (Camargo),Camargo,1000,3,151,null,null,null,0,0,0,0,0,null,Reformado
177,Piso,Calle la Mies,Barcena de Cicero,,650,2,95,0,1,0,1,0,0,0,0,null,Bajo 95 m2 útiles
178,Chalet independiente,Calle Cotero (Las Dunas),Santa Cruz de Bezana,Soto de la Marina,1600,4,180,null,null,null,1,0,1,0,0,null,Temporal hasta junio 2026 parcela ~400m2
179,Piso,Centro (Activa Norte),Torrelavega,Centro,825,3,100,2,1,1,0,0,0,0,0,null,Rebaja 875->825 sin barreras
180,Piso,La Llanilla 1143 (Inmob. Montaña),Santander,Alisal-Cazoña-San Román,1250,2,76,0,1,1,1,0,0,0,0,null,Fijo bajo con jardín+terraza 118m2 urbanización
181,Piso,Bernardo Lavín (viBe),El Astillero,,780,2,74,2,1,0,0,0,0,0,0,null,Edificio 1969
182,Piso,Barrio Las Lastras 24 (Viveda),Viveda,,625,2,60,1,1,0,0,0,1,0,0,null,Temporal 10/01/2025 a 10/06/2026 (fechas explícitas)
183,Piso,Julio Ruiz de Salazar 51,Torrelavega,Covadonga-Campuzano,900,3,75,2,1,0,0,0,0,0,0,null,Solo empresas/traslados
184,Ático,José Ramón López Dóriga, Santander,Santander,Puerto Chico,850,1,80,5,1,1,0,0,0,0,0,1,Fijo semi-amueblado A/A
185,Piso,Burgos 8 (WEHOMES),Santander,Numancia-San Fernando,1000,2,70,2,1,0,0,0,1,0,0,1,Temporal sep/oct a mayo/jun 2026
186,Piso,Castilla-Hermida (temporal con garaje),Santander,Castilla-Hermida,900,2,77,8,1,1,1,0,1,0,1,null,Temporal sanitario/estudiantes vistas mar
187,Piso,Castilla 33 (WEHOMES),Santander,Castilla-Hermida,850,3,90,1,1,1,0,0,1,0,0,1,Temporal
188,Piso,Avenida de la Libertad 23 (Muriedas),Camargo,Muriedas,1100,3,80,2,1,1,0,0,1,0,0,null,Solo empresas/traslados/temporal
189,Piso,Cazoña (IDIVAL),Santander,Alisal-Cazoña-San Román,1000,3,107,2,1,1,1,0,0,0,0,null,Cerca Valdecilla garaje
190,Piso,Obispo José Eguino 3 (Edificio Zara),Santander,Centro-Ayuntamiento,900,1,50,1,1,1,0,0,1,0,0,1,Temporal
191,Piso,Cardenal Cisneros 21 (WEHOMES),Santander,Centro-Ayuntamiento,1500,4,100,3,1,0,0,0,1,0,0,null,Temporal 14 dic a junio sin ascensor
192,Piso,Pasaje de Peña 2 (WEHOMES),Santander,Centro-Ayuntamiento,1000,1,65,6,1,1,0,0,1,0,0,null,Temporal
193,Piso,Los Castros (920€),Santander,Los Castros,920,3,108,2,1,1,1,0,0,0,0,null,Cerca Valdecilla preferencia sanitario
194,Piso,Camilo Alonso Vega 6 (WEHOMES),Santander,Cuatro Caminos,850,2,75,7,1,1,0,0,1,0,0,null,Temporal oct a mayo/jun 2026
195,Piso,Cóbreces 42,Alfoz de Lloredo,,800,2,70,0,1,0,1,0,1,0,0,null,Temporal sep/oct a mayo/jun 2026 terraza piscina pádel
196,Piso,General Dávila 228 (WEHOMES),Santander,General Dávila,1100,1,65,3,1,0,0,0,1,0,1,null,Temporal vistas mar
197,Piso,Tres de Noviembre (33 Elefantes),Santander,Numancia-San Fernando,900,2,65,1,1,1,0,0,0,0,0,null,
198,Piso,Marcelino Sanz de Sautuola 11,Santander,Centro-Ayuntamiento,1200,2,85,3,1,0,0,0,1,0,0,null,Temporal premium
199,Dúplex,Cuatro Caminos (temporal),Santander,Cuatro Caminos,750,2,73,4,1,0,0,0,1,0,0,null,Temporal sanitario/profesores
200,Piso,Manuel Ruiz de Quevedo 41,Santander,Peñacastillo-Nuevamontaña,900,2,87,3,1,1,1,0,0,0,0,null,Fijo desde 1 septiembre obra nueva varios pisos
201,Piso,Joaquín Costa 18a (WEHOMES),Santander,El Sardinero,900,1,60,3,1,1,0,0,1,0,0,null,Temporal sep/oct a mayo/jun 2026
202,Piso,Paseo de Altamira (viBe),Santander,General Dávila,1050,2,93,8,1,1,1,0,0,0,0,null,Garaje incluido
203,Piso,Paseo Canalejas 11,Santander,Puerto Chico,1300,4,127,1,1,1,0,0,0,0,0,null,
204,Chalet pareado,Barrio Cerdigo,Castro-Urdiales,Oriñón-Allendagua,1495,3,293,null,null,null,1,0,0,0,1,null,Vistas mar
205,Piso,Cabuérniga (Campoo de Enmedio),Campoo de Enmedio,,1100,3,90,2,1,0,0,0,1,0,0,null,Texto dice edificio con ascensor pero cabecera sin ascensor -> ascensor=null recomendado
206,Piso,Avenida Santander 9,Noja,Tregadín,700,2,60,0,1,1,1,0,1,0,0,null,Temporal oct-jun
207,Piso,Pintor Modinos,Torrelavega,Centro,1000,3,89,1,1,1,0,0,1,0,0,null,Temporal para empresas
208,Piso,Vargas 11 (WEHOMES),Santander,Numancia-San Fernando,950,2,75,1,1,0,0,0,1,0,0,null,Temporal
209,Piso,Paseo Menéndez Pelayo (Brazomar),Castro-Urdiales,Brazomar,1800,4,115,4,1,1,0,0,1,0,1,null,Temporal hasta junio rebaja 1900->1800
210,Piso,Plaza Constitución (Muriedas),Camargo,Muriedas,1300,4,100,1,1,1,0,0,0,0,0,null,Solo empresas/traslados
211,Piso,Avenida Infantes 22,Santander,General Dávila,1600,3,100,3,1,1,0,0,1,0,0,1,Temporal sep 2026 a mayo/jun 2027
212,Piso,CL Concha Espina,Los Corrales de Buelna,,650,1,53,1,1,1,1,0,0,0,0,1,
213,Piso,Calle del Pocillo 11,Castro-Urdiales,Cotolino,1500,2,82,3,1,1,1,0,0,0,0,null,Obra nueva
214,Chalet adosado,Barrio Santullán 21D,Castro-Urdiales,Mioño-Santullán,1100,3,150,null,null,null,1,0,0,0,0,null,Larga estancia restricción ingresos >3000€
215,Casa independiente,Barrio Cóbreces,Alfoz de Lloredo,,12472,4,274,null,null,null,1,0,1,1,1,null,Precio por noche vacacional (NO mensual comparable)
216,Piso,Calle Ernest Lluch 9,Santander,La Pereda,950,2,120,2,1,1,1,0,1,0,0,null,Temporal
217,Dúplex,Amos de Escalante,Santander,Centro-Ayuntamiento,960,2,78,7,1,1,0,0,0,0,0,null,
218,Piso,República Costa Rica 16,Laredo,Zona Playa,1800,2,50,3,1,1,1,0,1,0,0,null,Precio quincena/semana verano no mensual
219,Piso,Manuel Ruiz de Quevedo 41,Santander,Peñacastillo-Nuevamontaña,900,2,80,3,1,1,1,0,0,0,0,null,Larga estancia
220,Piso,Calle Acebedos,Santander,Centro-Ayuntamiento,875,3,85,2,1,1,0,0,0,0,0,null,Restricción perfil inquilino
221,Piso,Calle Vargas,Santander,Numancia-San Fernando,890,2,79,8,1,1,0,0,0,0,0,null,
222,Piso,Antonio López 62,Santander,Castilla-Hermida,1200,3,130,7,1,1,0,0,1,0,1,null,Temporal ene-jun 2026 vistas mar
223,Piso,Calle Artiñano 1,Castro-Urdiales,Centro,800,1,45,3,1,0,0,0,1,0,0,1,Temporal
224,Dúplex,Francisco Giner Ríos 24,San Vicente de la Barquera,,1000,3,110,3,1,1,1,0,1,0,0,null,Temporal invierno
225,Piso,Calle Enseñanza 6,Santander,Centro-Ayuntamiento,1000,3,130,3,1,1,0,0,0,0,0,null,
226,Piso,Federico Vial 4,Santander,Castilla-Hermida,800,2,79,5,0,1,0,0,0,0,0,null,Interior
227,Ático,Avenida Reina Victoria,Santander,Puerto Chico,1150,2,65,9,1,1,0,0,0,0,0,1,
228,Piso,Cuesta del Hospital 7,Santander,Centro-Ayuntamiento,3000,3,70,3,1,0,0,0,1,1,0,null,Precio verano semanas/quincenas
229,Piso,Calle Quintana,Suances,,700,2,60,1,1,0,0,0,0,0,1,1,Fijo vistas mar
230,Piso,Avenida Stadium 19,Santander,El Sardinero,950,2,70,2,1,1,1,0,0,0,0,0,Fijo sin muebles
231,Piso,CL Floranes,Santander,Numancia-San Fernando,1000,3,97,2,1,1,1,0,0,0,0,null,
232,Piso,Los Templarios 6,Castro-Urdiales,Playa Ostende,1100,3,100,1,1,1,1,0,1,0,0,null,Temporal 11 meses
233,Piso,Avenida los Infantes,Santander,El Sardinero,1500,2,87,0,0,1,1,0,1,0,0,1,Temporal bajo interior
234,Dúplex,Paseo Marina Española 15,Suances,,1000,4,110,2,1,1,1,0,1,0,1,null,Precio verano por semana
235,Dúplex,Francisco Giner Ríos 32,San Vicente de la Barquera,,1000,2,95,3,1,1,0,1,1,0,0,null,Garaje opcional 50€
236,Piso,Calle Helgueras 14,Noja,,700,2,85,1,1,1,0,0,1,0,0,null,Temporal sep-jun
237,Piso,República Colombia 18,Laredo,Zona Playa,600,2,55,10,1,1,1,0,1,0,0,null,Precio por quincena verano
238,Piso,Francisco de Quevedo,Santander,Centro-Ayuntamiento,800,1,71,4,1,0,0,0,0,0,0,null,
239,Piso,Vargas 5,Santander,Numancia-San Fernando,680,1,40,6,1,0,0,0,0,0,0,null,
240,Dúplex,Avenida Menicenses,Miengo,,900,2,75,1,1,1,1,0,0,0,0,null,
241,Piso,Río de la Pila 19,Santander,General Dávila,1250,4,134,1,1,1,0,0,1,0,0,null,Temporal
242,Piso,Vista Alegre 35,Santander,General Dávila,900,2,70,null,1,0,0,0,0,0,0,null,
243,Piso,Ocharan Mazas,Castro-Urdiales,Centro,1650,4,180,1,1,1,0,0,1,0,1,null,Primera línea mar temporal
244,Piso,Avenida Castros,Santander,Los Castros,850,2,79,7,1,1,1,0,1,0,0,null,Temporal sep-jun
245,Piso,Avenida Cantabria 8,Santander,La Pereda,1400,3,90,3,1,1,1,0,0,0,0,null,Precio alternativo temporada 1300
246,Piso,Marcel Pirón,Torrelavega,Barreda,850,4,89,1,1,0,0,0,0,0,0,null,
247,Chalet independiente,Calle Luis Martínez,Santander,El Sardinero,7000,6,470,null,null,null,1,0,0,1,0,null,Lujo
248,Dúplex,Calle Hernán Cortés,Santander,Centro-Ayuntamiento,1400,3,112,4,1,1,0,0,0,0,0,1,Fijo
249,Piso,Barrio Cuartas 9,Renedo-Piélagos,,680,3,90,2,1,1,1,0,0,0,0,null,
250,Piso,Miguel Artigas,Santander,Centro-Ayuntamiento,1200,3,100,5,1,1,0,0,0,0,0,null,
251,Piso,CL San Fernando 22,Santander,Numancia-San Fernando,1200,3,130,5,1,1,0,0,0,0,0,null,
252,Piso,CL Gerona,Santander,Puerto Chico,680,3,65,4,1,0,0,0,1,0,0,null,Temporal sep-jun estudiantes
253,Piso,Calle San Fernando,Santander,Cuatro Caminos,850,1,68,4,1,1,0,0,1,0,0,null,Temporal sep-jun
254,Ático,Calle Tantín,Santander,Centro-Ayuntamiento,760,2,50,5,1,0,0,0,0,0,0,null,Fijo posibilidad compra
255,Chalet adosado,Barrio Cumbrales,Polanco,,800,2,82,null,null,null,1,0,0,0,0,null,
256,Chalet pareado,Calle la Brava 29,Noja,Ris,4100,5,320,null,null,null,1,0,1,1,0,null,Temporal lujo verano
257,Piso,Calle Lealtad,Santander,Centro-Ayuntamiento,1600,4,160,7,1,1,0,0,0,0,0,null,
258,Chalet,Calle Juan de Herrera,Los Corrales de Buelna,,750,1,67,null,null,null,0,0,1,0,0,null,Corta estancia
259,Piso,Urbanización Parque Mar,Barcena de Cicero,,750,1,65,1,1,1,1,0,1,0,0,null,Corta estancia
260,Piso,Calle Peñas Blancas,Somo,Ribamontan al Mar,750,2,85,1,1,0,1,0,1,0,0,null,Corta estancia
261,Piso,Calle El Mazuco 8,Somo,Ribamontan al Mar,1000,1,50,0,1,0,0,0,1,0,0,null,Temporal jardín
262,Piso,Calle General Espartero,Ramales de la Victoria,,700,3,70,3,1,0,0,0,0,0,0,null,
263,Dúplex,Barrio las Quintas 20,Viveda,,500,1,40,0,1,0,0,0,1,0,0,1,Temporal hasta mayo 2026
264,Casa independiente,Ca-136,Santillana del Mar,,1300,4,140,null,null,null,1,0,1,0,0,null,Temporal sep-jun
265,Piso,Bo Iglesia,Liencres,Piélagos,900,2,80,0,1,0,0,0,1,0,0,null,Temporal no mascotas
266,Piso,Barrio las Quintas 20 (2),Viveda,,550,2,50,0,1,0,0,0,1,0,0,1,Temporal hasta mayo 2026
267,Piso,Calle Emilio Pino,Santander,Centro-Ayuntamiento,1600,5,157,4,1,1,0,0,0,0,0,null,Sin amueblar
268,Piso,Calle Emilio Pino (2),Santander,Centro-Ayuntamiento,1290,3,118,4,1,1,0,0,0,0,0,null,
269,Dúplex,Amos de Escalante,Santander,Centro-Ayuntamiento,950,2,80,7,1,1,0,0,0,0,0,1,Fijo
270,Piso,Profesor Jiménez Díaz,Santander,Cuatro Caminos,575,1,40,0,1,0,0,0,1,0,0,null,Temporal ene-jun
271,Piso,Avenida Menéndez Pelayo,Muriedas,Camargo,980,3,107,5,1,1,0,0,0,0,0,null,
272,Dúplex,Brazomar,Castro-Urdiales,Brazomar,2000,4,121,2,1,1,1,0,1,0,1,null,Temporal vistas mar
273,Chalet adosado,Avenida Menicenses,Miengo,,1250,4,191,null,null,null,0,0,1,0,0,null,Temporal oct-jun
274,Chalet pareado,Barrio Sámano,Castro-Urdiales,Sámano,1700,3,188,null,null,null,1,0,0,0,0,null,
275,Piso,Voto,,Voto,600,2,87,2,null,1,1,0,1,0,0,null,Temporal sep-jun
276,Casa de pueblo,Sobremazas,,1500,2,65,null,null,null,1,0,1,0,0,null,Vacacional precio orientativo
277,Piso,Paseo Garelly,Comillas,,900,3,120,2,1,1,1,0,1,0,0,1,Temporal nueva construcción
278,Piso,Paseo Antonio Garelly,Comillas,,800,2,85,0,1,1,1,0,1,0,0,null,Temporal
279,Piso,Calle Montevideo,Santander,Cuatro Caminos,900,2,100,0,1,0,0,0,1,0,0,null,Temporal ene-jun
280,Piso,Los Caserios 8,Castro-Urdiales,Centro,900,2,80,2,1,1,1,0,1,0,0,null,Temporal piscina
281,Chalet pareado,Urbanización Monte Corona,Comillas,,750,2,50,null,null,null,1,0,1,0,1,null,Temporal Oyambre
282,Piso,Calle Valle de Campoo,Torrelavega,Ciudad Nueva,620,2,60,2,1,0,0,0,0,0,0,null,
283,Chalet adosado,Barrio Mar,Polanco,,1750,4,170,null,null,null,1,0,0,0,0,null,
284,Piso,Avenida Herrera Oria,Santander,Alisal-Cazoña,950,3,90,9,1,1,0,0,0,0,0,null,
285,Piso,Calle Cervantes,Santander,Centro-Ayuntamiento,950,3,85,1,1,0,0,0,0,0,0,null,
286,Piso,Calle José Simón Cabarga,Santander,El Sardinero,1100,2,80,5,1,1,0,1,0,0,0,null,
287,Chalet pareado,Barrio Redo,Camaleño,,690,3,118,null,null,null,0,0,1,0,0,null,Temporal
288,Piso,Calle Claudio López,Comillas,,1200,2,74,2,1,0,1,0,1,0,0,null,Temporal
289,Piso,Calle Floranes,Santander,Numancia-San Fernando,850,2,67,4,1,1,0,0,0,0,0,null,
290,Piso,Paseo Menéndez Pelayo,Santander,Puerto Chico,850,1,50,2,1,1,1,0,0,0,0,null,
291,Piso,Calle Silvestre Ochoa,Castro-Urdiales,Playa Ostende,890,2,79,2,1,1,1,0,1,0,0,null,Temporal
292,Piso,Calle Camilo Alonso Vega,Santander,General Dávila,800,2,74,3,1,1,0,0,1,0,0,null,Temporal
293,Piso,Calle Bonifaz,Santander,Puerto Chico,800,1,55,5,1,1,0,0,0,0,0,null,
294,Piso,Calle la Universidad,Santander,Los Castros,850,2,66,5,1,0,0,0,1,0,0,null,Temporal
295,Piso,Calle Juan de la Cosa,Santander,Puerto Chico,970,2,80,5,1,1,0,0,0,0,0,null,
296,Dúplex,Av Francisco Giner de los Ríos,San Vicente de la Barquera,,1400,3,100,3,1,1,1,0,1,0,0,null,Temporal
297,Piso,Calle Antonio López,Santander,Castilla-Hermida,850,1,70,1,1,1,0,0,0,0,0,null,
298,Piso,Numancia-San Fernando,Santander,Numancia-San Fernando,875,2,72,1,1,1,0,0,0,0,0,null,
299,Piso,Cudón,Miengo,,700,2,79,1,1,0,1,0,1,0,0,null,Temporal
300,Piso,Cotolino,Castro-Urdiales,Cotolino,800,2,70,0,1,1,0,0,1,0,0,null,Temporal
301,Piso,Castilla-Hermida,Santander,Castilla-Hermida,1000,3,100,4,1,1,0,1,0,0,0,null,
302,Piso,Numancia-San Fernando,Santander,Numancia-San Fernando,900,3,95,3,1,0,0,0,0,0,0,null,
303,Piso,Numancia-San Fernando,Santander,Numancia-San Fernando,2000,3,164,9,1,1,0,0,0,0,0,null,
304,Dúplex,Maliaño,Camargo,Maliaño,1600,4,232,3,1,1,0,0,0,0,1,null,
305,Piso,Numancia-San Fernando,Santander,Numancia-San Fernando,1100,2,88,3,1,1,0,0,0,0,0,null,
306,Piso,Calle Somorrostro,Santander,Centro-Ayuntamiento,750,1,60,3,1,1,0,0,0,0,0,null,
307,Piso,Calle San Fernando,Santander,Numancia-San Fernando,850,2,100,5,1,1,0,0,0,0,0,null,
308,Piso,General Dávila,Santander,General Dávila,875,2,70,2,1,0,0,0,0,0,0,null,
309,Ático,Barrio Alto de Torres,Torrelavega,,900,2,160,1,1,0,1,0,0,0,0,null,
310,Piso,Calle Los Caseríos,Castro-Urdiales,Centro,950,2,65,2,1,1,1,0,1,0,0,null,Temporal
311,Piso,Avenida Francisco Giner de los Ríos 26,San Vicente de la Barquera,,800,1,53,1,1,1,0,0,1,0,0,1,Temporal
312,Piso,Avenida de los Castros 30,Santander,El Sardinero,1300,4,100,3,1,0,1,0,1,0,1,1,Estudiantes medicina
313,Piso,Plaza de Viares 5,Suances,,1000,2,60,2,1,1,1,0,1,0,1,1,Temporal
314,Piso,Calle Andrés del Río 1,Santander,Puerto Chico,1400,3,100,1,1,1,0,1,1,0,0,1,Curso escolar
315,Piso,Val de San Vicente (Unquera),Val de San Vicente,,650,3,80,3,1,0,0,0,0,0,0,1,
316,Piso,Calle Zancajo Osorio 2,Santander,Castilla-Hermida,750,2,70,6,1,1,0,0,1,0,0,1,Temporal estudiantes
317,Casa rural,Barrio Los Prados 39,Liérganes,,3000,4,150,null,null,null,1,0,1,1,0,1,Lujo
318,Piso,Calle Ardigales 25,Castro-Urdiales,Centro,790,2,60,2,1,0,0,0,1,0,0,1,Temporal
319,Piso,Calle Bonifaz 19,Santander,Puerto Chico,1200,2,80,3,1,0,0,0,1,0,0,1,Temporal
320,Ático,Calle El Puntal 9,Somo,,1700,2,65,3,1,0,1,0,1,0,1,1,Temporal
321,Piso,Avenida de la Libertad 81,Laredo,El Puntal,650,1,55,2,0,0,0,0,1,0,0,1,Vacacional
322,Piso,Calle Guevara,Santander,Centro-Ayuntamiento,700,1,40,5,1,0,0,0,1,0,0,1,Temporal
323,Piso,Calle Somorrostro,Santander,Centro-Ayuntamiento,900,1,65,3,1,1,0,0,0,0,0,0,
324,Piso,Calle Alta 53,Santander,Numancia-San Fernando,900,2,50,5,1,1,0,0,1,0,0,1,Temporal
325,Piso,Paseo de Altamira,Santander,General Dávila,650,2,60,2,1,0,0,0,1,0,0,1,Temporal
326,Piso,Calle Matilde de la Torre 9,El Astillero,,1000,2,80,1,1,1,1,0,0,0,0,1,
327,Piso,Calle Bonifaz 16,Santander,Puerto Chico,800,1,55,5,1,1,0,0,0,0,0,1,Larga estancia
328,Piso,Calle Gravina,Santander,Centro-Ayuntamiento,975,2,91,2,1,0,0,0,0,0,0,0,
329,Piso,Calle Respuela,Santa Cruz de Bezana,Bezana,600,2,65,3,1,1,1,0,1,0,0,1,Temporal
330,Piso,Calle San Martín del Pino,Santander,Peñacastillo,1200,2,65,4,1,1,0,0,0,0,0,1,
331,Piso,Calle Rualasal 17,Santander,Centro-Ayuntamiento,1200,3,100,6,1,1,0,0,0,0,0,1,Larga estancia
332,Piso,Avenida de Cantabria 16,Santander,La Pereda,915,2,72,3,1,1,1,0,0,0,0,1,
333,Piso,Calle Benidorm 2,Santander,Los Castros,950,3,67,3,1,1,0,0,0,0,0,1,
334,Piso,Calle Ría Cubas 1,Somo,,1000,1,52,3,1,1,0,0,0,0,0,1,Larga estancia
335,Piso,Calle Vargas 65,Santander,Cuatro Caminos,950,3,90,2,1,1,0,0,0,0,0,1,
336,Piso,Avenida Pérez Galdós 17,Santander,El Sardinero,1975,3,125,3,1,1,1,0,0,0,0,1,
337,Piso,Calle Castilla 19,Santander,Castilla-Hermida,850,2,65,2,1,1,0,0,0,0,0,1,
338,Piso,Calle Rualasal 11,Santander,Centro-Ayuntamiento,1450,3,115,2,1,1,0,0,0,0,0,1,Larga estancia
339,Piso,Calle Magallanes 36,Santander,Numancia-San Fernando,870,2,85,2,1,1,0,0,0,0,0,1,Larga estancia
340,Piso,Avenida de los Castros 141,Santander,Los Castros,1100,3,90,1,1,1,0,1,0,0,0,1,Larga duración
341,Piso,"Piso en Calle Manuel Cortabitarte Balbín, 8",San Vicente de la Barquera,,950,2,66,3ª,true,false,false,false,true,false,true,,Terraza orientación sur
342,Piso,"Piso en Calle Gutiérrez Solana, 13",Santander,"Alisal - Cazoña - San Román",900,3,90,5ª,true,true,true,false,true,false,false,,Ideal estudiantes
343,Ático,"Ático en Urbanización Puerto Pas, 29",Mogro,,850,2,80,2ª,true,false,true,false,true,false,true,,Primera línea de playa
344,Piso,"Piso en Calle Ría Cubas, 1",Somo,"Ribamontan al Mar",1600,2,80,Bajo,true,false,true,false,true,false,true,,Amplia terraza 35m²
345,Piso,"Piso en Avenida Francisco Giner de los Ríos, 24",San Vicente de la Barquera,,650,1,45,1ª,true,true,false,false,true,false,false,true,Solo temporada baja
346,Piso,"Piso en Barrio la Somadilla, 32 A",Voto,,500,1,55,1ª,true,true,true,false,true,false,false,true,Gran terraza
347,Casa rural,"Casa rural en Los Llanos, s/n",Camaleño,,900,4,120,,true,false,false,false,false,false,false,true,Casa de piedra con jardín
348,Casa independiente,"Casa en Barrio los Tánagos, 5",Val de San Vicente,,470,2,110,,true,false,true,false,true,false,false,true,Jardín, solo docentes invierno
349,Piso,"Piso en Calle Corbanera, 100",Santander,Monte,950,2,55,Bajo,true,false,false,false,true,false,true,true,Gastos incluidos
350,Casa independiente,"Casa en Barrio las Escuelas, 13",Hazas de Cesto,,1100,3,110,,true,false,false,false,true,false,false,true,Disponible octubre-junio
351,Piso,"Piso en Paseo de Trengandín, 8",Noja,Tregadín,700,2,60,1ª,true,false,true,false,true,false,true,true,Vistas al mar
352,Piso,Piso en Calle de la Arnia,Santa Cruz de Bezana,Soto de la Marina,900,2,55,Bajo,si,no,si,no,si,no,no,no,No se alquila para fijo; solo estudiantes o profesionales temporales
353,Casa o chalet independiente,Chalet en Avenida Juan de Herrera,Santa Cruz de Bezana,Maoño,4500,5,514,,si,,si,no,no,si,no,no,Parcela 3000m2 con piscina y barbacoa
354,Casa o chalet independiente,Chalet en Mompía,Santa Cruz de Bezana,Mompia,2000,3,330,,si,,si,no,no,no,no,no,Chalet con terreno y buena conexión a Santander
355,Piso,Piso en Avenida Marqués de Valdecilla,Santa Cruz de Bezana,Soto de la Marina,900,2,80,2ª,si,si,si,no,no,no,no,si,Amueblado y listo para entrar
356,Ático,Ático en Calle la Calleja,Santa Cruz de Bezana,Soto de la Marina,900,3,125,3ª,si,si,si,no,si,no,no,no,Alquiler temporal hasta junio 2026
357,Piso,Piso en Calle de la Arnia,Santa Cruz de Bezana,Soto de la Marina,900,1,60,Entreplanta,si,no,no,no,no,no,no,si,Apartamento amplio y luminoso
358,Piso,Piso en Calle Isla del Castro,Santa Cruz de Bezana,Soto de la Marina,1500,3,120,3ª,si,si,si,no,si,no,no,no,Obra nueva alto standing
359,Ático,Ático en Urbanización Portonovo,Santa Cruz de Bezana,Soto de la Marina,900,2,72,1ª,si,si,si,no,no,no,no,si,Ático amueblado con balcón
360,Casa o chalet independiente,Chalet en Calle Cotero,Santa Cruz de Bezana,Soto de la Marina,1600,4,180,,si,,si,no,si,no,no,no,Temporal hasta junio 2026
361,Piso,Dúplex en Avenida Marqués de Valdecilla,Santa Cruz de Bezana,Soto de la Marina,1100,3,120,1ª,si,no,no,no,no,no,no,si,Dúplex cercano a la playa
362,Piso,Piso en Bezana,Santa Cruz de Bezana,Bezana,1000,3,99,Bajo,si,si,no,no,si,no,no,si,Temporal menos de 1 año
363,Casa o chalet independiente,Chalet en Maoño,Santa Cruz de Bezana,Maoño,2500,3,479,,si,,si,no,no,no,no,no,Gran finca 1227m2
364,Casa o chalet independiente,Chalet en Calle San Vicente,Santa Cruz de Bezana,Maoño,4900,5,300,,si,,si,no,no,si,no,no,Parcela 5000m2 con piscina
365,Casa o chalet independiente,Chalet en Soto de la Marina,Santa Cruz de Bezana,Soto de la Marina,1500,4,240,,si,,si,no,si,no,no,no,Ideal estudiantes hasta junio 2026
366,Casa o chalet independiente,Chalet en Calle Cotero 10,Santa Cruz de Bezana,Soto de la Marina,1995,4,250,,si,,si,no,si,no,no,no,Temporal enero-junio
367,Piso,Piso en Avenida Fernando Saiz,Santa Cruz de Bezana,Soto de la Marina,820,2,65,1ª,si,no,no,no,si,no,no,si,Gastos incluidos
368,Piso,Piso en Avenida Playa San Juan,Santa Cruz de Bezana,Soto de la Marina,700,1,45,Bajo,si,no,no,no,si,no,no,si,Gastos incluidos
369,Casa o chalet independiente,Casa en Avenida Marqués de Valdecilla 28,Santa Cruz de Bezana,Soto de la Marina,900,1,90,,si,,no,no,si,no,no,si,Alquiler mensual máximo
370,Casa o chalet independiente,Casa en Avenida Marqués de Valdecilla 28,Santa Cruz de Bezana,Soto de la Marina,675,1,45,,si,,no,no,si,no,no,si,Gastos incluidos
371,Estudio,Estudio en Avenida Marqués de Valdecilla 149,Santa Cruz de Bezana,Soto de la Marina,900,0,45,Bajo,si,no,no,no,si,no,no,si,Gastos incluidos y limpieza mensual
372,Ático,Ático en Avenida de la Libertad,Santa Cruz de Bezana,Mompia,1025,3,120,5ª,si,si,si,no,no,no,no,no,Frente hospital Mompía terraza 70m2
373,Ático,Ático en Calle Respuela,Santa Cruz de Bezana,Bezana,1025,3,103,2ª,si,si,si,no,no,no,si,no,Vistas al mar terraza 70m2
374,Piso,Piso en Calle Cervantes,Santa Cruz de Bezana,Soto de la Marina,850,2,50,Bajo,si,no,no,no,si,no,no,si,Gastos incluidos
375,Ático,Ático en Calle Isaac Peral,Suances,Suances,2700,3,112,2ª,si,no,si,no,si,no,no,no,Dúplex temporal verano capacidad 8 personas
376,Ático,Ático en Calle Acacio Gutiérrez 138,Suances,Suances,1500,3,128,4ª,si,no,si,no,si,no,si,no,Primera línea mar hasta junio
377,Ático,Ático en Calle Acacio Gutiérrez 138,Suances,Suances,2000,3,128,4ª,si,no,si,no,no,no,si,no,Primera línea mar
378,Piso,Piso en Calle Miguel Delibes 4,Suances,Suances,6500,3,80,1ª,si,si,si,no,si,si,no,no,Reformado 100m playa Concha
379,Dúplex,Dúplex en Avenida de los Menicenses,Miengo,Miengo,900,2,75,1ª,si,si,si,no,no,no,no,no,Cerca Playa Usgo
380,Piso,Piso en Quintana,Suances,Suances,700,2,60,1ª,si,no,no,no,no,no,si,si,Alquiler fijo vistas mar
381,Estudio,Estudio en CL Carral,Suances,Suances,700,1,53,Bajo,si,no,no,no,si,no,no,no,Temporal no vivienda habitual
382,Piso,Piso en Bo Iglesia Liencres,Piélagos,Liencres,900,2,80,Bajo,si,no,no,no,si,no,no,no,Jardín privativo
383,Chalet adosado,Chalet en Avenida de los Menicenses,Miengo,Miengo,1250,4,191,,si,,no,no,si,no,no,no,Temporal octubre-junio
384,Piso,Piso en Cudón,Miengo,Cudon,850,2,70,Bajo,si,no,no,no,no,no,no,no,Disponible fijo o temporal
385,Casa o chalet independiente,Casa en Boo,Piélagos,Boo,950,3,130,,si,,no,no,si,no,no,no,Disponible hasta junio 2026
386,Casa o chalet independiente,Chalet en Mortera,Piélagos,Mortera,1950,4,310,,si,,si,no,no,no,no,no,Alquiler fijo vacío
387,Piso,Piso en Mogro Playa Usil,Miengo,Mogro,750,2,75,Bajo,si,si,si,no,si,no,si,no,Reformado vistas mar
388,Piso,Piso en Calle Quintana 32,Suances,Suances,820,2,70,Bajo,si,si,si,no,si,no,no,no,Jardín 190m2
389,Piso,Piso en Paseo Marina Española 10,Suances,Suances,1200,2,65,1ª,si,no,si,no,si,no,no,no,Primera línea Concha licencia turística
390,Piso,Piso en Cudón,Miengo,Cudon,700,2,79,1ª,si,no,si,no,si,no,no,no,Temporal profesores
391,Casa o chalet independiente,Casa en Barrio San Juan Boo,Piélagos,Boo,1650,3,140,,si,,si,no,no,no,no,no,Parcela 600m2
392,Piso,Piso en Calle Comillas 68,Suances,Suances,600,1,45,1ª,si,no,no,no,si,no,no,si,Octubre-junio
393,Piso,Piso en Barrio la Arena Miengo,Miengo,Miengo,650,2,65,Bajo,si,no,si,no,no,no,no,no,Disponible fijo marzo
394,Casa o chalet independiente,Casa en Calle la Aldea 32,Suances,Suances,1200,1,40,,si,,no,no,si,no,no,no,Verano
395,Piso,Piso en Calle Playa Usil 334,Miengo,Mogro,700,1,50,1ª,si,no,si,no,si,no,si,no,Temporal vistas mar
396,Piso,Piso en Calle Playa Usil 14,Miengo,Mogro,650,1,62,Bajo,si,no,no,no,no,no,no,no,
397,Piso,Piso en Calle Acacio Gutiérrez 130,Suances,Suances,2100,3,110,Bajo,si,no,no,no,si,no,si,no,Primera línea mar
398,Piso,Piso en Barrio Rodil Mortera,Piélagos,Mortera,900,2,85,1ª,si,si,si,no,no,no,no,no,Urbanización con piscina
399,Piso,Piso en Plaza Viares 5,Suances,Suances,1000,2,60,2ª,si,si,si,no,si,no,si,no,Vistas mar 200m playa
400,Piso,Piso en Miguel Delibes 4,Suances,Suances,650,2,70,1ª,si,si,no,no,si,no,no,no,Temporal excepto agosto
401,Piso,Piso en Las Pedregueras 474,Miengo,Mogro,2500,2,61,1ª,si,no,si,no,si,no,no,no,Casa rural piscina
402,Casa o chalet independiente,Chalet en Suances,Suances,Suances,1200,3,200,,si,,si,no,no,no,no,no,Vistas ría San Martin
403,Casa rural,Casa rural en Calle Mies Dehesa 51,Miengo,Miengo,2000,11,540,,si,,si,no,si,no,no,no,Hotel rural
404,Piso,Piso en Miengo Marzán,Miengo,Miengo,675,2,70,1ª,si,no,no,no,no,no,no,no,
405,Piso,Piso en CA-326 Cuchía,Miengo,Cuchia,700,3,103,2ª,si,no,si,no,no,no,no,no,Garaje cerrado
406,Piso,Piso en Suances zona playa,Suances,Suances,650,2,65,1ª,si,si,si,no,si,no,no,no,Temporal septiembre-junio
407,Piso,Piso en Paseo Marina Española 8,Suances,Suances,1200,2,75,2ª,si,si,si,no,si,no,no,no,Frente playa teletrabajo
408,Piso,Piso en Calle Sogandara 4,Suances,Suances,690,2,64,2ª,si,si,si,no,no,no,no,no,
409,Piso,Piso en Playa 2,Suances,Suances,600,2,45,2ª,si,si,no,no,si,no,no,si,Cerca playa Concha
410,Piso,Piso en Calle Playa Usil 532,Miengo,Mogro,750,2,70,1ª,si,no,si,no,si,no,si,no,Vistas mar
411,Piso,Piso en Calle Quintana 104,Suances,Suances,650,2,75,2ª,si,si,si,no,si,no,no,no,Piscina urbanización
412,Piso,Piso en Abra del Pas 1129,Miengo,Mogro,700,2,63,2ª,si,no,si,no,si,no,no,no,Septiembre-junio
413,Chalet pareado,Chalet en Calle Redondo 6,Suances,Suances,700,2,65,,si,,no,no,si,no,no,no,
414,Chalet pareado,Chalet en Calle Redondo 6,Suances,Suances,580,1,60,,si,,no,no,si,no,no,no,
415,Piso,Piso en Calle Comillas 56,Suances,Suances,2000,2,76,3ª,si,no,si,no,si,no,no,no,50m playa
416,Piso,Piso en Calle Quintana 26,Suances,Suances,550,1,40,1ª,si,si,si,no,si,no,no,si,Solo profesores
417,Piso,Piso en AC 136,Suances,Suances,900,2,70,1ª,si,no,no,no,si,no,si,no,Vistas mar
418,Piso,Piso en Miengo, Miengo,Miengo,630,1,42,1ª,si,no,si,no,si,no,si,si,Vistas mar
419,Piso,Piso en Calle Doctor Oti 8,Suances,Suances,900,3,85,5ª,si,si,no,no,si,no,no,no,Septiembre-junio
420,Chalet adosado,Chalet en Avenida Cantabria 2387,Miengo,Cudon,890,3,204,,si,,no,no,si,no,no,no,Alquiler por temporadas
421,Piso,Piso en Calle República de Colombia 19,Laredo,Zona Playa,600,1,58,9ª,si,si,no,no,no,no,no,si,Larga estancia terraza
422,Estudio,Estudio en Calle Espíritu Santo 2,Laredo,Centro,900,0,37,2ª,no,no,no,no,si,no,no,si,Vacacional centro
423,Piso,Piso en Calle Villa de Foz 1,Laredo,Centro,3500,4,160,6ª,si,si,no,no,si,si,si,no,Vacacional vistas mar
424,Chalet adosado,Chalet en Avenida Derechos Humanos 42,Laredo,El Puntal,3500,3,225,,si,,si,no,si,si,no,no,Vacacional garaje
425,Estudio,Estudio en Avenida Libertad El Puntal,Laredo,El Puntal,1360,0,40,1ª,si,si,no,no,si,no,no,si,100m playa
426,Casa o chalet independiente,Chalet en Bareyo,Bareyo,Bareyo,1200,5,210,,si,,si,no,no,no,no,no,Alquiler fijo
427,Piso,Piso en Santoña,Santoña,Santoña,750,3,100,3ª,si,no,si,no,no,no,no,si,
428,Piso,Piso en Pedro Camino Mijarazo 22,Ajo,Ajo,700,2,80,2ª,si,si,si,no,no,no,no,si,Alquiler anual
429,Piso,Piso en Padre Ignacio Ellacuria,Laredo,Carlos V,4500,4,130,1ª,si,si,si,no,si,si,no,no,Julio-agosto
430,Piso,Piso en Virgen del Carmen,Santoña,Santoña,900,3,95,3ª,si,si,si,no,si,no,no,si,Septiembre-junio
431,Piso,Piso en República Colombia 18,Laredo,Zona Playa,1300,2,60,13ª,si,si,no,no,si,no,no,no,Verano
432,Piso,Piso en Avenida Enrique Mowinkel 41,Laredo,Zona Playa,1100,1,51,3ª,si,si,no,no,si,no,si,si,Vistas mar
433,Piso,Piso en Menendez Pelayo 29,Laredo,Centro,3300,2,74,2ª,si,si,no,no,si,si,no,no,Puerto
434,Piso,Piso en Avenida Santander 9,Noja,Tregadin,700,2,60,1ª,si,si,si,no,si,no,no,si,Septiembre-junio
435,Piso,Piso en Helgueras 14,Noja,Helgueras,700,2,85,1ª,si,si,no,no,si,no,no,si,Septiembre-junio
436,Piso,Piso en Paseo Pereda 6,Santoña,Santoña,1100,1,80,2ª,si,si,si,no,no,no,si,si,Vistas bahia
437,Piso,Piso en Calle Arna,Somo,Somo,600,2,59,Bajo,si,no,si,no,si,no,no,si,Curso escolar
438,Piso,Piso en Menendez Pelayo Centro,Laredo,Centro,2950,3,90,5ª,si,si,no,no,si,no,si,no,Vistas puerto
439,Chalet pareado,Chalet en Calle la Brava 29,Noja,Ris,4100,5,320,,si,,si,no,si,si,no,no,Vacacional lujo
440,Piso,Piso en Peñas Blancas,Somo,Somo,750,2,85,1ª,si,no,si,no,si,no,no,si,Alquiler temporal
441,Piso,Piso en Calle Arna 1,Somo,Somo,1200,2,100,1ª,si,no,si,no,no,no,no,no,Dúplex garaje
442,Piso,Piso en Calle Pintor Santiago Montes 3,Laredo,Centro,750,3,64,3ª,si,no,no,no,si,no,no,no,Cerca playa
443,Piso,Piso en Zona Playa,Laredo,Zona Playa,3000,2,60,5ª,si,si,no,no,si,si,si,no,Agosto lujo
444,Piso,Piso en Ris,Noja,Ris,800,2,75,1ª,si,no,si,no,si,no,no,si,Vacacional
445,Piso,Piso en Calle la Costa 2,Noja,Tregadin,700,2,60,Bajo,si,si,si,no,si,no,no,si,Piscina
446,Piso,Piso en Calle el Saltillo 10,Noja,Helgueras,680,2,65,1ª,si,si,no,no,si,no,no,si,Septiembre-junio
447,Piso,Piso en Avenida Benedicto Ruiz 948,Ajo,Ajo,900,2,70,1ª,si,no,no,no,si,no,si,no,Piscina urbanización
448,Piso,Piso en El Puntal,Laredo,El Puntal,550,1,49,5ª,si,si,no,no,si,no,no,si,Corta estancia
449,Chalet pareado,Chalet en Barrio Tres 23,Ajo,Ajo,990,4,140,,si,,no,no,si,no,no,no,Temporal
450,Estudio,Estudio en Avenida Francia 99,Laredo,El Puntal,600,0,35,8ª,si,si,no,no,si,no,si,si,Vistas mar
451,Piso,Piso en Ca-324 1094,Miengo,Mogro,750,2,75,Bajo,si,si,si,no,si,no,si,si,Vistas mar
452,Piso,Piso en Carrero Blanco 3,Santoña,Santoña,850,1,78,1ª,si,no,no,no,si,no,si,si,Vistas bahia
453,Piso,Piso en Avenida Derechos Humanos 28,Laredo,Zona Playa,2000,2,58,1ª,si,si,no,no,si,no,no,si,Quincenas
454,Piso,Piso en Calle el Juncal 21,Loredo,Loredo,1600,2,71,1ª,si,si,si,no,si,si,no,no,Lujo playa
455,Piso,Piso en Avenida Libertad 2,Laredo,El Puntal,2500,2,75,4ª,si,si,no,si,no,no,no,no,Garaje opcional
456,Piso,Piso en Paseo Pereda 6,Santoña,Santoña,1400,2,90,5ª,si,si,si,no,si,no,si,si,Vistas mar
457,Piso,Piso en Calle la Sierra 11,Noja,Ris,1700,2,70,Bajo,si,si,si,no,si,no,si,si,Primera linea
458,Piso,Piso en Avenida Santander 9,Noja,Tregadin,900,3,110,1ª,si,si,si,no,si,no,no,si,Escolar
459,Piso,Piso en Calle Ría Cubas 6,Somo,Somo,850,2,60,Bajo,si,no,si,no,si,no,no,si,Jardin
460,Piso,Piso en Las Viñas 22,Noja,Helgueras,900,2,70,Bajo,si,si,si,no,si,no,no,si,Jardin playa
461,Piso,Piso en Avenida Carrero Blanco 43,Santoña,Santoña,2400,4,130,3ª,si,si,si,no,si,no,si,si,Vistas bahia
462,Piso,Piso en Avenida Enrique Mowinkel 38,Laredo,Zona Playa,2500,1,35,2ª,si,si,no,no,si,no,no,si,Primera linea
463,Piso,Piso en República Colombia Zona Playa,Laredo,Zona Playa,2800,2,60,14ª,si,si,no,no,si,no,si,si,Vistas mar
464,Piso,Piso en Calle San Lorenzo 12,Laredo,Centro,1500,3,85,,si,no,no,no,si,no,no,no,Centro verano
465,Piso,Piso en Helgueras 14,Noja,Helgueras,700,2,85,1ª,si,si,no,no,si,no,no,si,Temporal
466,Piso,Piso en Paseo Trengandin,Noja,Tregadin,550,2,62,1ª,si,no,si,no,si,no,si,si,Vistas mar
467,Piso,Piso en Avenida España,Laredo,Centro,1000,2,75,2ª,si,no,si,no,si,no,no,si,Cerca playa
468,Chalet adosado,Chalet en Pintor Angel Alonso,Laredo,El Puntal,1450,4,200,,si,,si,no,no,no,no,no,
469,Piso,Piso en Paseo Maritimo Mogro,Miengo,Mogro,1000,2,80,1ª,si,no,si,no,si,no,no,si,Vacacional
470,Piso,Piso en Calle la Paz 6,Santoña,Santoña,650,3,95,2ª,si,no,no,no,si,no,no,no,Marzo-junio
471,Piso,Piso en Calle Jose Felipe Quijano 6,Torrelavega,Centro,580,1,45,3ª,si,no,no,no,no,no,no,si,Centro peatonal
472,Chalet pareado,Chalet en Polanco,Polanco,Polanco,1750,4,150,,si,,si,no,si,no,no,no,Temporal estudiantes
473,Casa rural,Casa rural en Diseminado Cos 5,Mazcuerras,Mazcuerras,2500,6,1430,,si,,no,no,no,no,no,no,Opcion compra
474,Piso,Piso en Centro,Torrelavega,Centro,825,3,100,2ª,si,si,no,no,no,no,no,si,Sin barreras
475,Piso,Piso en Barrio Cobreces 42,Alfoz de Lloredo,Cobreces,800,2,70,Bajo,si,no,si,no,si,no,no,si,Terraza piscina
476,Piso,Piso en Barrio las Lastras 24,Viveda,Viveda,625,2,60,1ª,si,no,no,no,si,no,no,si,Temporal
477,Piso,Piso en Julio Ruiz Salazar 51,Torrelavega,Covadonga,900,3,75,2ª,si,no,no,no,no,no,no,si,Solo empresas
478,Piso,Piso en Calle Pintor Modinos,Torrelavega,Centro,1000,3,89,1ª,si,si,no,no,si,no,no,si,Temporal empresas
479,Casa o chalet independiente,Casa en Barrio Cobreces,Alfoz de Lloredo,Cobreces,12472,4,274,,si,,si,no,si,si,si,no,Vacacional lujo vistas
480,Piso,Piso en Calle Marcel Piron,Torrelavega,Barreda,850,4,89,1ª,si,no,no,no,no,no,no,si,
481,Piso,Piso en Plaza San Bartolome 9,Torrelavega,Barreda,1100,5,164,1ª,si,no,no,no,no,no,no,si,Solo empresas
482,Piso,Piso en Joaquin Fernandez Vallejo 14,Torrelavega,Ciudad Nueva,1000,3,98,2ª,si,si,no,no,no,no,no,si,
483,Chalet adosado,Chalet en Barrio Cumbrales,Polanco,Polanco,800,2,82,,si,,si,no,no,no,no,no,Piscina
484,Piso,Piso en Barrio las Quintas 20,Viveda,Viveda,550,2,50,Bajo,si,no,no,no,no,no,no,si,Temporal
485,Dúplex,Duplex en Barrio las Quintas 20,Viveda,Viveda,500,1,40,Bajo,si,no,no,no,no,no,no,si,Temporal
486,Piso,Piso en Sierrapando,Torrelavega,Sierrapando,630,1,62,1ª,si,si,no,no,no,no,no,si,Alquiler fijo
487,Chalet pareado,Chalet en Urbanizacion Playa Cobreces,Alfoz de Lloredo,Cobreces,2500,4,130,,si,,no,no,si,no,si,no,Vistas mar
488,Estudio,Estudio en Barrio Viallan 254,Alfoz de Lloredo,Oreña,600,0,60,1ª,si,no,no,no,si,no,no,si,Turistico
489,Piso,Piso en Calle Valle Campoo,Torrelavega,Ciudad Nueva,620,2,60,2ª,si,no,no,no,no,no,no,si,
490,Chalet adosado,Chalet en Barrio Mar 13,Polanco,Polanco,1750,4,170,,si,,si,no,no,no,no,no,
491,Casa o chalet independiente,Casa en Polanco,Polanco,Polanco,990,3,217,,si,,no,no,si,no,no,no,Temporal
492,Ático,Atico en Barrio Alto Torres 29,Torrelavega,Torres,900,2,160,1ª,si,no,si,no,no,no,no,si,Gran terraza
493,Casa o chalet independiente,Casa en Alfoz Lloredo,Alfoz de Lloredo,Alfoz,7301,3,184,,si,,si,no,si,si,no,no,Vacacional lujo
494,Piso,Piso en Padre Rabago,Torrelavega,Barreda,850,2,75,5ª,si,si,no,no,no,no,no,si,Personal sanitario
495,Piso,Piso en Centro,Torrelavega,Centro,1000,3,90,2ª,si,si,no,no,si,no,no,si,Temporal empresas
496,Piso,Piso en Ciudad Vergel,Torrelavega,Ciudad Vergel,950,2,60,1ª,si,no,no,no,si,no,no,si,Temporal
497,Piso,Piso en Avenida Solvay 2,Torrelavega,Barreda,900,3,96,Bajo,si,si,no,no,si,no,no,si,Temporal
498,Estudio,Estudio en Raimundo Cicero 1,Torrelavega,Zapaton,800,0,70,Bajo,si,no,no,no,no,no,no,si,Reformado
499,Piso,Piso en Antigua Ferretera 1,Torrelavega,Barreda,800,3,96,Bajo,si,si,no,no,si,no,no,si,Temporal
500,Piso,Piso en Viveda,Viveda,Viveda,590,2,45,Bajo,si,no,si,no,si,no,no,si,Temporal
501,Piso,Piso en El Parque Zapaton,Torrelavega,Zapaton,990,3,120,1ª,si,si,no,no,no,no,no,si,Duplex
502,Piso,Piso en Cartes,Cartes,Cartes,620,2,80,Bajo,si,si,no,no,si,no,no,si,Temporal
503,Piso,Piso en Joaquin Cayon 14,Torrelavega,Zapaton,850,3,90,3ª,si,si,no,no,no,no,no,si,
504,Piso,Piso en Parque 1,Torrelavega,Centro,825,1,65,2ª,si,si,no,no,no,no,no,si,
505,Piso,Piso en Jose Maria Pereda 27,Torrelavega,Zapaton,750,1,45,3ª,si,si,no,no,si,no,no,si,Septiembre-junio
506,Casa de pueblo,Casa en Barrio Canales 49,Udias,Udias,580,1,55,,si,,si,no,si,no,si,no,Vistas mar
507,Casa rural,Casa rural en Autovia 634,Reocin,Caranceja,750,2,100,,si,,si,no,si,no,no,no,Rural
508,Piso,Piso en Villapresente,Villapresente,Villapresente,690,3,97,Bajo,si,no,no,no,no,no,no,si,
509,Casa de pueblo,Casa en Barrio Valles,Reocin,Reocin,850,4,144,,si,,no,no,si,no,no,no,Temporal
510,Piso,Piso en Barrio Cobreces 6,Alfoz de Lloredo,Cobreces,700,3,70,2ª,si,no,no,no,si,no,no,si,Temporal
511,Piso,Piso en Julian Ceballos 1,Torrelavega,Centro,750,3,90,3ª,si,si,no,no,no,no,no,si,
512,Casa rural,Casa rural en Quijas,Reocin,Quijas,750,1,45,,si,,no,no,si,no,no,no,Duplex
513,Chalet adosado,Chalet en Urb Pico Torre,Cabezon de la Sal,Cabezon,1300,4,244,,si,,si,no,no,no,no,no,
514,Casa o chalet independiente,Casa en Udias,Udias,Udias,800,2,85,,si,,no,no,si,no,no,no,Temporal
515,Chalet adosado,Chalet en Barrio Sierrapando,Torrelavega,Tanos,850,2,60,,si,,no,no,si,no,no,no,Temporal



